序号,上线时间,版本号,类型,主要功能,负责人,备注,,,,,,,,,,,,,
300,04-23-2026,临时,临时发版,1. 【模型配置调整，急急如律令】Claude Opus 4.7 官方 prompt 配置 AB 实验，优化消息长度较短的问题；2. 【埋点调整，特批】新增模型质量 Prometheus 埋点：拒答率、续写触发、响应长度，免测,,,,,,,,,,,,,,,
299,04-22-2026,临时,临时发版,【配置调整，特批】；1. Rapyd - ApplePay 调整配置为全量；2. 购买畅聊包，Rapyd默认支付渠道放量30%；3. ~~订阅首购优惠，Rapyd默认支付渠道放量50%~~；【配置调整，特批】申请修改deluxe用户权限：自定义语音；1. 按照luxe用户配置：音色槽位数10；2. 用户权益说明因deluxe用户不展示，暂不配置,,,,,,,,,,,,,,,
297,04-21-2026,临时,临时发版,1. 【调整配置，特批】调整飞书报警配置，对低版本不下发Deluxe折扣商品；2. 【特批】带链接OC通知群，链接检测规则优化，降低误报；无需测试,,,,,,,,,,,,,,,
298,04-21-2026,临时,临时发版,1. 【p0 线上事故】Mochi V3 配置修改，优化 NSFW 拒绝率高问题；2. 【p0 线上事故】Gemini 3.1 Pro Continue 配置修改，优化 Continue 内容较短的问题,,,,,,,,,,,,,,,
296,04-20-2026,6.21.0,正式发版,99支付Refunded类型处理；Deluxe用户可优惠购买其他档位；Rapyd - GooglePay/ApplePay 支付优化；购买钻石接入Rapyd；支付埋點鏈路；支付渠道退款订单处理；首页creators tab UI优化；首页 UI 改版 AB 实验；Mochi V3价格调整；Mochi V3 问题优化；GLM 问题跟进 & 优化；Ultra GLM 5.1 配置上线；Deepseek V3.2 配置上线；Helios / lyra 模型配置调整 & 测试；聊天 component test；世界卡 demo；推荐模型弹窗优化；AI 回复去旁白测试；潜力榜取消一级榜单；运营后台新增潜力榜；新增潜力榜；新内容分级合规；性能優化 ，將重複上報的api剔除 v2；App下载入口放量功能；打包機，北京 mini 升级；代碼檢測，AI針對客戶端代碼做全面的正規化排查跟優化；埋點系統化，加统一约束；詳情彈窗載入套用局部骨架屏；性能優化，修復在聊天室登入後聊天室頁面閃爍；mopoga支持多人上传新游戏的需求,,,,,,,,,,,,,,,
294,04-17-2026,临时,临时发版,【运营临时需求】潜力创作者/OC banner轮播徐唯原,,,,,,,,,,,,,,,
295,04-17-2026,临时,临时发版,1. 【模型配置上线】Ultra Claude Opus 4.7 配置上线,,,,,,,,,,,,,,,
293,04-16-2026,临时,临时发版,【临时需求，特批】Rapyd-ApplePay 支付接入添加网站认证 徐唯原,,,,,,,,,,,,,,,
292,04-13-2026,临时,临时发版,【线上bug，P0】修复99支付渠道，订单失败但是下发商品的bug,,,,,,,,,,,,,,,
291,04-10-2026,临时,临时发版,1. 【运营临时需求】潜力创作者/OC banner轮播徐唯原；2. 【模型配置调整】Mochi 模型配置正式下线；3. 【模型配置调整】线上模型 fall back 白名单调整，缩小线上模型调用失败重试的范围，无需测试,,,,,,,,,,,,,,,
290,04-09-2026,临时,临时发版,"1. 【服务端配置调整，特批】支付渠道调整；a. 购买会员、购买消息，将已隐藏/下线的渠道排序置后；b. 购买钻石，将Payabl支付渠道由50-99开放至全量，调整Paypal渠道排序置后；c. 购买消息扩容，将Onlypay渠道排序置后；d. 购买畅聊包，默认支付渠道切20%给aw2观察成功率；e. 购买组合包，默认支付渠道切10%流量给Paypal2观察成功率；2. 【配置调整，特批】实验放量调整；a. 默认支付按钮文案实验，调整放量为：GetStarted 50%, Upgrade 25%, 原文案 25%；b. CA地区首购折扣优惠实验，调整放量为：CA地区实验组放量至50%；3. 【P0线上 bug，前端发版】修复用户设置推荐模型，影响了全局模型的问题",,,,,,,,,,,,,,,
288,04-07-2026,6.20.0,正式发版,Deluxe用户可优惠购买其他档位；Pro畅聊包接入 Rapyd支付；Rapyd 直连GooglePay/ApplePay；Waffo 支付渠道接入；支付埋點鏈路；首页creators tab UI优化；Continue AB 实验第三期；Continue 消息长度埋点；灵感回复-高级模型 demo；线上模型白名单整理；新模型测试；聊天首屏 loading 優化 - 調研；聊天首屏等待優化；输入框优化 - 随内容加高；输入框优化 - 中止按钮逻辑优化；火山SeedTTS；语音弹窗UI优化；语音扣费逻辑v2；语音下掉功能更新弹窗；自定义语音；自定义语音更新弹窗；活动任务系统--春日活动；新增潜力榜；运营后台新增潜力榜；站内信优化；新内容分级合规；App下载入口放量功能；FPS 埋點上報改善；設計規範對齊；线上服务性能优化,,,,,,,,,,,,,,,
289,04-07-2026,临时,临时发版,1. 【模型配置调整】Mochi 配置即将下线状态,,,,,,,,,,,,,,,
287,04-03-2026,临时,临时发版,1. 【运营临时需求】潜力创作者/OC banner轮播；2. 【特批，优化线上问题】优化角色缓存底层存储引擎，降低服务器 GC 压力，提升稳定性,,,,,,,,,,,,,,,
286,04-02-2026,6.19.1,正式发版,,,,,,,,,,,,,,,,
285,04-01-2026,临时,临时发版,1. 【模型配置调整】Mochi V3 配置上线,,,,,,,,,,,,,,,
284,03-31-2026,临时,临时发版,1. ~~【模型配置调整】Mochi V3 配置上线~~~~~~~~ ~~~~~~~~ ~~~~~~；2. 【模型配置调整】旧模型上下文配置更新；3. 【特批，服务端配置调整】支付服务线上部分密钥轮替：sub 服务数据库明文配置变更，无需测试,,,,,,,,,,,,,,,
282,03-27-2026,6.19.0,正式发版,Deluxe用户可优惠购买其他档位；nuvei 支付渠道调研；模型配置检查；新模型测试；聊天新增模型不稳定提示条；火山seed音色克隆；角色详情页评论区UI优化；活动任务系统--春日活动；Tag聚合创建活动；站内信优化；Oc Feed 动态流滚动优化；服务负载优化；核心功能页面加载速度优化调研；商店包接入growthbook；設計規範對齊；首屏渲染優化；线上部分密钥轮替,,,,,,,,,,,,,,,
283,03-27-2026,临时,临时发版,1. 【运营临时需求】潜力创作者/OC banner轮播徐唯原,,,,,,,,,,,,,,,
281,03-20-2026,临时,临时发版,1. 【运营临时需求】潜力创作者/OC banner轮播,,,,,,,,,,,,,,,
280,03-19-2026,临时,临时发版,1. 【模型配置调整】Mochi V2 正式下线配置；2. 【特批，急急如律令】Mochi & Leo Continue 截断方案 AB 实验调整；3. 【前端发版，特批】主站加adsense的ads.txt 广告验证,,,,,,,,,,,,,,,
279,03-16-2026,临时,临时发版,1. 【模型配置调整】Mochi V2 配置即将下线；2. 【线上 P0 Bug】修复退出聊天页可能直接中止消息重新生成的 bug,,,,,,,,,,,,,,,
277,03-13-2026,6.18.0,正式发版,Deluxe用户可优惠购买其他档位（本期不发版）；gp包首购折扣优惠问题修复；Waffo 支付调研；paypal us优化order记录；Store页面布局优化；春季促销活动；Continue AB 放量；新模型测试；IT付款；模型不可用状态预警；模型网关维护；对未登录用户展示场景卡；高延迟的 loading message 报错优化；性能體驗優化 - Recent Chat 虛擬列表；异步语音消息；自定义语音；Load Memory超出模型总结能力时报错；个人主页memory置顶功能；OC 角色详情页-移动端评论区入口交互优化；站内信优化；合规模块重构；合规站内信优化；三级开关获取规则调整；OC指标写入优化；APP启动屏优化；补充埋点和监控；項目 Next 13 到 Next 14 升級 - 自測；性能優化；打包機架設；商店包,,,,,,,,,,,,,,,
278,03-13-2026,临时,临时发版,1. 【运营临时需求】潜力创作者/OC banner轮播；2. 【特批】Web注册埋点中增加新字段来区分设备类型,,,,,,,,,,,,,,,
276,03-12-2026,临时,临时发版,1. 【模型配置调整】grok 4.1 fast 配置上线；2. 【线上Bug P0，模型配置调整】Free mochi 延迟配置下调，避免渠道包的 loading 消息报错,,,,,,,,,,,,,,,
274,03-11-2026,临时,临时发版,1. 【线上模型AB实验，特批】图像匹配 AB 实验；2. 【模型配置调整】Grok 4.1 Fast 模型配置上线；3. 【服务端配置调整，特批】CA地区新用户首购折扣实验配置；Web/Stripe 配置；GP/Appstore 配置,,,,,,,,,,,,,,,
275,03-11-2026,临时,临时发版,【线上bug，p0】解决首购折扣定价显示不正确的问题,,,,,,,,,,,,,,,
273,03-10-2026,临时,临时发版,1. 【线上 P0 Bug】修复图片有概率被压缩失败，从而无法正常展示的问题，涉及三个场景：；a. 首页图片；b. OC 动图取首帧；c. OC 图片生成模糊图,,,,,,,,,,,,,,,
271,03-09-2026,临时,临时发版,【线上bug，p0】修复6.16.0上线带入的组合包支付金额未扣畅聊包的问题,,,,,,,,,,,,,,,
272,03-09-2026,临时,临时发版,【特批】修改站内信配置内容模块字符数上限，由500改到10000；cc徐唯原,,,,,,,,,,,,,,,
270,03-06-2026,6.17.0,正式发版,Pro畅聊包接入 Rapyd支付；Waffo 支付调研；paypal us优化order记录；订阅页默认支付按钮文案实验；购买组合包接入 Payapl2；购买组合包接入 Rapyd；新模型测试；chat setting 多语言选择 UI优化；模型选择弹窗新增 info 提示；性能體驗優化 - Recent Chat 虛擬列表；语音、翻译 icon 布局优化；调研火山接入；UI改动--Stripe包隱藏Appearance入口，默認theme改成dark mode；榜单计算逻辑调整；站内信优化 -发送对象优化 - 名单文件导入；历史记录优化，补充详情部分字段展示；合规重构三端互测；2月IT成本处理；GPU机器运维；SEO 站集群遷移；app 启动屏优化；safari mp4載入的優化策略；性能優化；Banner适配；Mobile/APP 顶栏优化；商店包设计样式对齐；商店包提审图替换；榜单测试流程优化；数仓优化,,,,,,,,,,,,,,,
269,03-05-2026,临时,临时发版,1. 【模型配置调整】Ultra GLM 5 模型配置上线,,,,,,,,,,,,,,,
268,03-03-2026,临时,临时发版,1. 【模型配置调整】Ultra Gemini 3 Pro 模型配置即将下线标签,,,,,,,,,,,,,,,
267,03-02-2026,临时,临时发版,1. 【模型配置调整】Ultra Gemini 3.1 Pro 模型上新,,,,,,,,,,,,,,,
266,02-27-2026,临时,临时发版,1. 【运营临时需求】潜力创作者/OC banner轮播；2. 【线上 P1 Bug】修复 Web Imperial 会员的 <u>会话达到上限弹窗</u> 按钮失效问题；3. 【模型配置调整】Ultra Claude Sonnet 4.6 模型上新,,,,,,,,,,,,,,,
264,02-25-2026,6.16.0,正式发版,Waffo 支付调研；payssion 临时支付需求；新用户首购折扣；支付訂閱 server 接口統整 - onlypay；chat package UI优化；Continue AB 放量；Mira AB 实验放量；模型自动化评估；新模型测试；聊天UI走查优化；聊天stream优化1；聊天stream优化2；聊天消息支持取消生成；语音、翻译 icon 布局优化；音色下线&bug；语音bug；自定义语音；常规memory互动报表增加memory评论；个人空间页角色卡片数据icon位置挪动（仅主态视角）；站内信优化 -系统站内信样式优化样式优化；站内信优化 -后台样式优化+校验；站内信优化 -详情弹窗/页面配置功能；Block流程问题修复；合规模块重构；后台用户审核优化；app 启动屏优化；补充埋点和监控；排查、移除 js file 不需要的 base64；性能優化；discord登录,,,,,,,,,,,,,,,
265,02-25-2026,临时,临时发版,1. 【服务端临时需求，特批】恢复s站立即取消订阅功能；2. 【站内信配置】s站续费用户引导订阅站内信；3. 【模型配置调整】Mira 官方 prompt 配置推全,,,,,,,,,,,,,,,
263,02-24-2026,临时,临时发版,【站内信配置】s站续费用户引导订阅站内信,,,,,,,,,,,,,,,
262,02-20-2026,临时,临时发版,1. 【运营临时需求】- 20260220 期 潜力创作者/OC banner轮播,,,,,,,,,,,,,,,
261,02-13-2026,临时,临时发版,1. 【运营临时需求】- 潜力创作者/OC banner轮播；2. 【前端发版，线上 P1 bug】创作者更新greeting后start new 弹窗文案展示错误；3. 【前端+渠道包发版，线上 P0 bug】商业化折扣文案修改；4. 【服务端发版，线上 P0 bug】paypal2 服务端记账错误问题修复,,,,,,,,,,,,,,,
260,02-12-2026,临时,临时发版,1. 【模型配置修改，特批】Mira 模型提示词优化，需要测试通过埋点测 ABC 实验分组；2. 【临时需求，特批】优化store页面，活动倒计时显示样式；3. 【前端发版，特批】点击空白区域不关闭首页更新弹窗,,,,,,,,,,,,,,,
259,02-11-2026,临时,临时发版,1. 【线上bug，P1】修复商店包 SFW OC 日榜展示排名上限问题；2. 【线上bug，P1】修复OC日榜出现 SFW榜 超过 Top 100 和 NSFW/18+榜 超过Top 500 的排名数据问题；3. 【特批】AFF归因识别优化；4. 【线上Bug，P0】修复链接中带有mist时访问首页、搜索页、tag 落地页、event 落地页时无法展示三级OC问题徐唯原；5. 【模型配置上线，急急如律令】Ultra Claude Opus 4.6 模型配置上线；6. 【模型配置修改，特批】Mira 模型配置AB实验，免测；cc徐唯原,,,,,,,,,,,,,,,
258,02-10-2026,临时,临时发版,1. 【线上bug p0】修复 stripe 包 free mochi 链接异常的 bug；2. 【站内信配置】情人节活动推广站内信；3. 【线上bug，P1】修复商店包 SFW OC 日榜展示排名上限问题；4. 【线上bug，P1】修复OC日榜出现 SFW榜 超过 Top 100 和 NSFW/18+榜 超过Top 500 的排名数据问题；5. 【模型配置上线，急急如律令】Crushon Mira 模型配置上线,,,,,,,,,,,,,,,
257,02-09-2026,临时,临时发版,1. 【线上bug，P0】修复2级OC机审结果为Pass时没有进入审核队列，从而减少进入商店包人审1.5级OC数量的问题；a. 修复方式：修复后2级OC机审结果为Pass进入审核队列，1.27至今日OC不做处理；2. 【线上bug，p0】；a. 修复情人节活动弹窗，iOS mobile 端播放按钮无效的问题；3. 【线上bug，P1（目前按照P0操作）】修复web端小屏（宽度390）引导气泡截断问题；4. 【线上bug，p0】隐藏App 6.13.0以下版本情人节活动年付折扣入口；5. 【web端配置调整】更新web端Elite/Imperial 图片缓存；cc徐唯原,,,,,,,,,,,,,,,
255,02-06-2026,6.15.0,正式发版,crushmash 会员档位升级提示；排查GP/AppStore商店包订阅升级周期问题；钻石充值按钮跳转优化；Continue AB 放量；Crushon Mira 配置上线；claude成本优化；grok 4.1 fast 优化；模型即将下线延迟问题；新模型测试：Ultra Claude Opus 4.6；新模型测试：Ultra Claude Sonnet 5；自动总结模型迁移；顶部导航优化；动态场景卡功能方案调研；扩充模型描述字数限制；图片功能底层兼容处理；站内信优化 - 数据需求；站内信优化 - 用户间的交互站内信样式优化；ai图片问题合规处理；banner 适配；改造配置；空态图替换；性能優化；邮件优化；Crushmash - 讓ios項目能打gp包+基礎功能走查；Crushmash - ios項目接入gp支付 （訂閱+一次性商品）；Crushmash - 設置頁 新增語言切換功能；Crushmash - 自定义语音功能；26年1月IT成本汇算；数据异常排查；后台权限管理,,,,,,,,,,,,,,,
256,02-06-2026,临时,临时发版,1. 【运营临时需求】- 潜力创作者/OC banner轮播徐唯原,,,,,,,,,,,,,,,
253,02-04-2026,临时,临时发版,1. 【模型配置调整】(Ultra) Claude 3.5 / 3.7 系列模型正式配置下线；2. 【服务端配置调整，特批】；a. 支付渠道目前各商品支付成功率较稳定，本次根据近期支付成功率做微调优化，预期对商品支付成功率有一定提升；i. 调整购买消息上限扩容商品支付渠道排序；ii. 调整购买会员畅聊组合包商品支付渠道排序；iii. 调整购买会员延期商品支付渠道排序；b. 替换情人节活动视频素材；3. 【实验放量调整，无需发版】；a. Mobile 订阅页面价格位置实验；i. 目前放量新版/旧版 60/40，**新版支付成功率高12%，arpu高 17%；ii. 实验运行时间较久比较稳定，**计划放量到95%，保留5%对照；b. 其他支付渠道样式优化实验,,,,,,,,,,,,,,,
254,02-04-2026,临时,临时发版,1. 【app发版，线上P1 Bug】修复聊天页从后台进入报错问题（具体场景：从首页、角色页进入聊天后，将app置于后台后重新启动）；2. 【web发版，线上 P1 Bug】Web 榜单埋点上报问题修复；a. 不存在的页面点击数据+其他可疑数据；；b. 搜索页榜单埋点上报时机不对；；3. 【前端发版，线上P0bug】移除误上线功能-提升memory保存上限,,,,,,,,,,,,,,,
252,02-03-2026,临时,临时发版,1. 【急急如律令】线上邮箱凭据轮替，需要回测CO的11个收信地址（昨晚测差不多了）；2. 【线上BUG】发信服务批量发送功能有地址泄漏风险，暂未影响业务，先修复；3. 【急急如律令】GoJelly 三个站的所有环境，邮箱密钥更换和权限管理 CC,,,,,,,,,,,,,,,
251,02-02-2026,临时,临时发版,1. 【模型配置调整】- Leo 模型配置回滚；2. 【服务端发版，线上P0bug - 埋点缺失】recent 列表长度埋点缺失；3. 【前端发版，线上P0bug - 埋点缺失】mobile 会话点击埋点缺失,,,,,,,,,,,,,,,
250,01-30-2026,临时,临时发版,1. 【运营临时需求】- 潜力创作者/OC banner轮播徐唯原；2. 【运营临时需求】- 首页 ytb 调整链接替换 徐唯原,,,,,,,,,,,,,,,
249,01-29-2026,临时,临时发版,1. 【模型配置调整】(Ultra) Eco Sonnet 配置正式下架；2. 【模型配置调整】Free Leo 提示词调整，保持和旧版一致，无需测试；3. 【AB实验配置调整，无需发版】Web-美国未登录时开关等级放量调整，一级：20%，二级：80%,,,,,,,,,,,,,,,
245,01-28-2026,临时,临时发版,1. 【模型配置调整】(Ultra) Claude 3.5 / 3.7 系列模型配置即将下线标签；2. 【前端发版，线上 P0 bug】修复 iOS 26.2 版本用户在 safari & chrome 浏览器上传 OC 头像 & 用户头像 & 角色卡图像卡在 loading 状态的bug 徐唯原；3. 【前端发版，线上 P1 bug】修复线上OC等级&场景卡等级不符时，用户个人场景卡无法展示问题；4. 【前端发版，线上 P1 bug】修复会话列表上view and save memory 按钮跳转问题,,,,,,,,,,,,,,,
246,01-28-2026,临时,临时发版,web端临时发版；【线上bug p0】修复购买消息时，无法跳转支付的bug；服务端临时发版；【线上bug p0】修复onlypay购买消息扩容，商品未到账的bug,,,,,,,,,,,,,,,
247,01-28-2026,临时,临时发版,【线上bug p0】修复购买消息时，无法跳转支付的bug；服务端临时发版；【线上bug p0】修复onlypay购买消息扩容，商品未到账的bug,,,,,,,,,,,,,,,
248,01-28-2026,临时,临时发版,【线上bug p0】修复onlypay购买消息扩容，商品未到账的bug,,,,,,,,,,,,,,,
244,01-27-2026,临时,临时发版,1. 【前端发版，线上P1bug】修复线上OC等级&场景卡等级不符时，用户个人场景卡无法展示问题；2. 【前端发版，线上P1bug】修复会话列表上view and save memory 按钮跳转问题；cc徐唯原,,,,,,,,,,,,,,,
243,01-26-2026,临时,临时发版,1. 【服务端发版，特批】回滚free-leo上的空回复优化，自测上线观察数据；2. 【站内信配置】发送 Claude 3.5 / 3.7 系列模型即将下线全员站内信,,,,,,,,,,,,,,,
241,01-23-2026,6.14.0,正式发版,Credits商品增加折扣标签；Rapyd直连GoolePlay/ApplePay调研；购买钻石接入Payabl；会员延期接入Payabl；市场包接入会员免费试用；APP - 首页、个人页、搜索结果页的OC卡片大小+页面间距调整；APP - 首页、个人页、搜索结果页的OC卡片大小+页面间距开 AB 测试；Web - 首页 OC 卡片 AB 测试推量到 60 %；（Ultra)Eco Sonnet模型下线；Claude 3.5/3.7下线；Continue实验放量；新模型测试；创建会话时合并分散的接口调用；聊天内增加图片功能；群聊优化方案；oc并行会话；语音功能bug；自定义语音加引导弹窗；语音配置表模型映射，推荐音色加定义；情人节Tag聚合创建活动；站内信优化；ai图片问题合规处理；新内容分级合规 - 场景卡新增1.5分级；新内容分级合规 - 商店包增加开关；Android啟動畫面；調研safari mp4載入的優化策略；补充character album 合规单元测试；靜態資源 cdn 部署上線；图像匹配功能网关服务优化；线上部分密钥轮替,,,,,,,,,,,,,,,
242,01-23-2026,临时,临时发版,1. 【运营临时需求】- 潜力创作者/OC banner轮播徐唯原,,,,,,,,,,,,,,,
240,01-22-2026,临时,临时发版,1. 【模型配置调整】(Ultra) Eco 4 Sonnet 配置即将下线标签,,,,,,,,,,,,,,,
239,01-21-2026,临时,临时发版,【服务端配置调整，特批】；1. 隐藏APG支付渠道：订阅/畅聊包/畅聊包+会员组合包/钻石；2. 隐藏BT路由内APG支付渠道,,,,,,,,,,,,,,,
238,01-20-2026,临时,临时发版,1. 【服务端发版，急急如律令】Ultra GPT 5.2 模型上线；2. 【站内信配置】GLM 4.6 & Ultra GPT 5.2 模型上新全员站内信；3. 【运营临时需求】Web隐私条款内容修改徐唯原；4. 【前端发版，急急如律令】首页discover tab 推量到80%,,,,,,,,,,,,,,,
236,01-19-2026,临时,临时发版,1. 【急急如律令】处理 Leo 空回复问题（先在 free leo 上灰度50%测试效果）；2. 【急急如律令】GLM 4.6 新模型上线,,,,,,,,,,,,,,,
237,01-19-2026,临时,临时发版,【配置调整，特批】；1. Paypal2 继续放量；a. Paypal2 购买消息放量调整  由**尾号40-99调整为 全量；2. Rapyd 继续放量；a. Rapyd 购买会员放量调整 由**尾号10-99调整为 全量；3. 一次性支付升级会员调整渠道排序；a. Onlypay支付成功率不高，**调低优先级；4. 购买消息上限扩容调整渠道排序；a. **调整Paypal2为默认支付渠道**，预期可提高US/CA地区支付成功率；5. 购买畅聊包调整渠道排序；a. **调整Payabl为默认支付渠道；b. 调整支付路由放量 由**尾号0-49调整为 全量,,,,,,,,,,,,,,,
234,01-16-2026,6.13.0,正式发版,情人节商业化活动；市场包接入会员免费试用；Continue 实验放量；taurus 报错问题处理；空回复问题排查处理；模型负载迁移；新模型部署；新模型测试；支持 OC 并行会话；语音功能下beta标；语音功能 bug；首页 discover tab 放量；OC - memory 底图优化；memory 分享优化；榜单 - 运营后台；新内容分级合规-场景卡；服务端测试环境埋点导入官方 ck；图像匹配功能网关服务优化；场景卡新增1.5分级 - 合规单元测试；iOS Crushmash；TikTok & YouTube 元数据抓取轻量化改造（降低成本 + 提升稳定性）；Mopoga 文件上传管理后台开发；对 mopoga 文件上传做权限管理,,,,,,,,,,,,,,,
235,01-16-2026,临时,临时发版,1. 【运营临时需求】- 潜力创作者/OC banner轮播徐唯原；2. 【线上bug，p0】修复 榜单周期 Tab / 榜单分级选项切换 埋点上报时机bug；3. 【线上bug，p0】修复新榜单上线后，旧 OC 周榜站内信没有停止发放的问题,,,,,,,,,,,,,,,
233,01-15-2026,临时,临时发版,1. 【服务端发版，急急如律令】语音扣费逻辑重构 - 修复语音部分场景扣费异常；预计 pre 环境上架时间： 1.15 14:30上预发布；预计pre环境3小时回测；预计发版时间：1.15 17:30,,,,,,,,,,,,,,,
232,01-14-2026,临时,临时发版,【线上bug，p0】修复购买消息时，使用“其他支付渠道”，会上报为默认支付渠道的埋点bug,,,,,,,,,,,,,,,
231,01-12-2026,临时,临时发版,1. 【急急如律令需求】创作者月榜上线，在web主站和官网安卓包展示，服务端支持发放榜单徽章和上榜站内信；cc徐唯原,,,,,,,,,,,,,,,
230,01-09-2026,临时,临时发版,1. 【站内信配置，急急如律令】自定义语音上线，向灰度头部用户imperial/elite发送站内信通知；2. 【运营临时需求】- 潜力创作者/OC banner轮播,,,,,,,,,,,,,,,
229,01-08-2026,临时,临时发版,1. 【服务端发版，急急如律令】OC指标写入优化；2. 【配置调整，特批】Paypal2 购买消息的前置限制条件取消（注册>7天，消息>200），与原Paypal条件保持一致；3. 【配置调整，特批】订阅商品支付渠道放量调整；a. Payabl 由 **60-99调整为50-99；b. Rapyd 由 **90-99调整为10-99，调整排序至第4位**，预期会接替现有S站订阅流量，满足渠道低消；4. 【配置调整，特批】；a. 会员续期商品；i. 取消Paypal/Paypal2 的前置限制条件（注册>7天，消息>200）；b. 消息上限扩容；i. 取消Paypal/Paypal2 的前置限制条件（注册>7天，消息>200）；5. 【服务端+前端发版，线上P1 bug】修复recent 列表里OC丢失问题 + pc端只有greeting的会话列表排序错误问题；6. 【前端发版，特批】首页discover tab 实验推量到 50%,,,,,,,,,,,,,,,
227,01-07-2026,临时,临时发版,【服务端发到Pre，运营后台Bug P1】修复后台站内信历史记录问题（历史数据无需迁移至新表）,,,,,,,,,,,,,,,
228,01-07-2026,临时,临时发版,1. 【服务端发版，线上P1bug】修复recent 列表里OC丢失问题（recent列表删除某个oc后再次聊天这个oc也不展示）,,,,,,,,,,,,,,,
222,01-06-2026,临时,临时发版,1. 【服务端临时发版，线上P0问题】部分解决线上计数问题：写入前补排序，降低行锁的死锁概率，只加了排序，免测；2. 【服务端临时发版，急急如律令】LEO算力扩容；3. 【服务端临时发版，特批】关闭服务端埋点双写，新表已经正常，旧表数据保留关闭写入；4. 【前端临时发版，线上P2 Bug】修复OC榜单的Intro超出显示范围的UI问题；5. 【服务端发版，线上P0bug】首页following tab下的tag筛选oc展示不全,,,,,,,,,,,,,,,
223,01-06-2026,临时,临时发版,2. 【服务端临时发版，急急如律令】LEO算力扩容；3. 【服务端临时发版，特批】关闭服务端埋点双写，新表已经正常，旧表数据保留关闭写入；4. 【前端临时发版，线上P2 Bug】修复OC榜单的Intro超出显示范围的UI问题；5. 【服务端发版，线上P0bug】首页following tab下的tag筛选oc展示不全,,,,,,,,,,,,,,,
224,01-06-2026,临时,临时发版,3. 【服务端临时发版，特批】关闭服务端埋点双写，新表已经正常，旧表数据保留关闭写入；4. 【前端临时发版，线上P2 Bug】修复OC榜单的Intro超出显示范围的UI问题；5. 【服务端发版，线上P0bug】首页following tab下的tag筛选oc展示不全,,,,,,,,,,,,,,,
225,01-06-2026,临时,临时发版,4. 【前端临时发版，线上P2 Bug】修复OC榜单的Intro超出显示范围的UI问题；5. 【服务端发版，线上P0bug】首页following tab下的tag筛选oc展示不全,,,,,,,,,,,,,,,
226,01-06-2026,临时,临时发版,5. 【服务端发版，线上P0bug】首页following tab下的tag筛选oc展示不全,,,,,,,,,,,,,,,
221,01-05-2026,6.12.0,正式发版,购买Credits 增加新档位；购买消息接入Payabl；购买消息扩容接入 Payabl；购买消息扩容接入 Rapyd；支持OC并行对话（仅开发，不发版）；ai语音 灰度上线-imperial 和 elite用户站内信；增加模型名称埋点；新模型测试 - GLM 4.6；新模型测试 - GPT 5.2；AI辅助创建需求调研；榜单 - 运营后台；榜单数据逻辑优化 - 月榜相关；條款名稱替換；月榜配置上线；OC&场景卡新增1.5分级；LEO算力扩容；OC指标写入优化；测试环境数仓存储统一；服务端测试环境埋点导入官方ck；图像匹配功能网关服务优化；线上部分密钥轮替；項目 Next 13 到 Next 14 升級；Recent Chat 会员增加记录上限；target oc 創建；v6.10.0功能補齊 -- 聊天列表数据统计；v6.11.0 功能補齊 -- 榜单 UI 细节优化；v6.11.0 功能補齊 continue方案开ab测试；v6.11.0功能補齊 -- OC图片降本方案；v6.8.0功能補齊 -- 2. 补充i2i所需埋点 & 数据表；暢聊包聯調,,,,,,,,,,,,,,,
220,01-02-2026,临时,临时发版,1. 【运营临时需求】- 潜力创作者/OC banner轮播 徐唯原,,,,,,,,,,,,,,,
216,12-30-2025,临时,临时发版,1. 【模型配置，急急如律令】新模型上线 - Ultra Gemini 3 Flash；2. 【服务端临时发版，线上P0问题】修复首页new tab 下OC未更新问题；3. 【服务端临时发版，线上P0问题】修复app端following tab oc 重复问题；4. 【前端临时发版，运营后台P1问题】修复web 更新弹窗无法提交问题；5. 【数据调整，急急如律令】首页discover tab下推荐公式调整,,,,,,,,,,,,,,,
217,12-30-2025,临时,临时发版,3. 【服务端临时发版，线上P0问题】修复app端following tab oc 重复问题；4. 【前端临时发版，运营后台P1问题】修复web 更新弹窗无法提交问题；5. 【数据调整，急急如律令】首页discover tab下推荐公式调整,,,,,,,,,,,,,,,
218,12-30-2025,临时,临时发版,4. 【前端临时发版，运营后台P1问题】修复web 更新弹窗无法提交问题；5. 【数据调整，急急如律令】首页discover tab下推荐公式调整,,,,,,,,,,,,,,,
219,12-30-2025,临时,临时发版,5. 【数据调整，急急如律令】首页discover tab下推荐公式调整,,,,,,,,,,,,,,,
214,12-26-2025,6.11.0,正式发版,OC图片降本方案；payssion 订单id优化；恢复续订 - 支持自行维护订阅的支付渠道，可便捷恢复续订；恢复续订功能优化；取消订阅时挽留弹窗；首页 oc 卡片大小调整；首页discover数据pre和线上环境隔离；continue方案开ab测试（尝试在换行前截断）；支持OC并行多个会话 - 重构最后一句话底层；支持OC并行多个会话 - UI&交互修改（本期不发版）；自定义语音功能；新模型测试 - GLM 4.6；新模型测试 - GPT 5.2；新模型测试 - Gemini 3 Flash；AI辅助创建需求调研；榜单 UI 细节优化；新内容分级合规 - 新增加图片机审色情分级；新内容分级合规 - 合规相关代码梳理；新增图片机审模型（调研+测试）；sub服务添加envoy；补充埋点和监控；服务端测试环境埋点导入官方ck；iOS Crushmash - 訂閱 -- 暢聊包相關；iOS Crushmash - 群聊功能 -- 創建/編輯群聊頁；iOS Crushmash - 群聊功能 -- 群聊聊天頁；iOS Crushmash - 群聊功能 -- 群聊列表頁+創建群聊入口；SEO需求-官网首页底部加品牌词&TDK修改,,,,,,,,,,,,,,,
215,12-26-2025,临时,临时发版,1. 【线上bug，p1】修复圣诞活动年付折扣价格，显示差价计算错误的bug；2. 【运营临时需求】- 潜力创作者/OC banner轮播,,,,,,,,,,,,,,,
213,12-25-2025,临时,临时发版,1. 【服务端发版，特批】回滚continue相关修改到 12/12的版本，处理用户反馈的衔接问题，免测。,,,,,,,,,,,,,,,
212,12-24-2025,临时,临时发版,服务端【特批，配置调整】；1. paypal2继续放量；a. 调整购买消息放量由60-99调整为40-99；2. Rapyd支付渠道放量调整；a. Rapyd 支付渠道目前开放了visa通道，尝试放量部分默认支付观察效果；b. 订阅会员默认支付放量90-99；c. 其他支付渠道配置增加“visa”通道；3. GB地区成人认证全量；a. 目前放量80%，考虑收入正向提升和合规，本次放量至95%，保留5%长期对照；4. 其他支付渠道新版UI实验放量；a. 实验放量由20%放量至80%；5. App支付页面新版UI实验放量,,,,,,,,,,,,,,,
210,12-23-2025,临时,临时发版,1. 【线上bug，p0】修复圣诞盲盒埋点bug,,,,,,,,,,,,,,,
211,12-23-2025,临时,临时发版,【埋点补充，急急如律令】搜索埋点补充与补参,,,,,,,,,,,,,,,
209,12-22-2025,临时,临时发版,【临时需求，p2】增加web端飘雪特效开关,,,,,,,,,,,,,,,
208,12-20-2025,临时,临时发版,1. 【服务端临时发版，特批】处理leo、mochi continue重复问题，自测观测数据,,,,,,,,,,,,,,,
207,12-16-2025,临时,临时发版,1. 【新模型配置，急急如律令】Mochi V2,,,,,,,,,,,,,,,
205,12-15-2025,6.10.0,正式发版,购买钻石接入APG；购买钻石接入OnlyPay；恢复续订 - 支持自行维护订阅的支付渠道，可便捷恢复续订；取消订阅时挽留弹窗；商品增加VAT税费；圣诞节商业化活动；continue截断优化 - 特殊case处理；light模式下聊天界面上方按钮优化；mobile 聊天消息編輯時，隱藏 footer input；支持OC并行多个会话 - 方案设计；自定义语音功能；Claude Opus 4.5 问题排查；mixboard模型网关搭建；eco sonnet 4 测试新渠道 + 线上灰度放量；新模型测试 - GLM 4.6 / GPT 5.2 / Grok 4 / Mochi V2；创建 - Save 按钮展示兜底逻辑；榜单 - 作者月榜 pre数据与正式数据隔离；榜单 - 数据逻辑优化，提高SFW榜单得分；榜单 - 补充数据兜底过滤；榜单 - 月榜数据数据提前抓取+预警；补充埋点和监控；調研頁面優化；服务端性能问题排查+优化；assemblyCharacter 构建频率优化；报警群问题查找与优化；代码优化，目标节省内存、cpu开销；熔断告警迁移；詳情彈窗載入套用局部骨架屏；iOS Crushmash - Event tag落地页；iOS Crushmash - 聊天对话内产生新消息的时候红点 + 气泡提示用户,,,,,,,,,,,,,,,
206,12-15-2025,临时,临时发版,1. 【线上性能问题，特批】character_metric 中 OC 点击指标写入补充熔断器，避免数据库整体性能受损；2. 【特批】优化leo、stheno continue场景下的prompt，处理continue优化后空回复增加问题,,,,,,,,,,,,,,,
203,12-12-2025,临时,临时发版,1. 【运营临时需求】- 潜力创作者/OC banner轮播；2. 【服务端发版，急急如律令】Ultra Claude Opus 4.5 上线相关代码和配置（不影响其他模型）；3. 【服务端发版，特批】OC数量比6月涨了100w，导致并发加载启动优化效果变差，启动变慢，需要重新调整参数发版，不影响功能无需测试,,,,,,,,,,,,,,,
204,12-12-2025,临时,临时发版,1. 【特批】mopoga落地页套餐顺序修改,,,,,,,,,,,,,,,
202,12-11-2025,临时,临时发版,1. 【服务端发版，急急如律令】continue优化放量100%,,,,,,,,,,,,,,,
201,12-09-2025,临时,临时发版,服务端；【配置调整，特批】支付渠道“使用App支付”，调整为HK可见，配合修复线上bug测试；【配置调整，特批】调整paypal2放量，按计划逐步替代paypal渠道；【配置调整，特批】调整rapyd放量，尝试提高rapyd支付成功率；【线上bug，p0】修复“其他支付渠道”中，使用App支付无法跳转的问题；【线上bug，p2】修复web端请求钻石接口的频次过高的问题；【临时需求，p1】调整其他支付渠道内，rapyd支付按钮文案，改为Pay with MasterCard，尝试提高rapyd支付成功率,,,,,,,,,,,,,,,
199,12-08-2025,临时,临时发版,【线上bug，p0】调整支付渠道配置，隐藏 “其他支付渠道” 中 “使用App支付” 入口,,,,,,,,,,,,,,,
200,12-08-2025,临时,临时发版,1.【线上p0 bug】- 解决gp包排行榜下发2/3级数据的问题,,,,,,,,,,,,,,,
196,12-05-2025,6.9.0,正式发版,第三方成人认证调研；continue截断优化继续放量；记忆总结逻辑优化；聊天优化 - 提升edit时的字符数限制；AI 语音 - 自定义语音功能demo；Mochi V2；Claude Opus 4.5；iOS Crushmash - 场景卡Name改选填；创建一键导入功能埋点优化；Stripe主站包重构Cover相关功能；榜单细节优化-修改分级选项保留时长；榜单数据逻辑优化 - pre与正式数据隔离；榜单数据逻辑优化 - 数据提前抓取+预警；创作者新增ai图片通知；后台站内信配置优化；Layout 配置層級調整；stripe-ios包自动上架；补充站内信系统埋点与监测；技术优化 - 搜索服务升级；小弹窗组件调整；Mopoga&Lewdspot站SEO优化需求1期-首页优化；SEO需求-官网首页底部加juicy关键词；技术调研-如何爬取游戏资源&自动化部署；代理配置 - 在V2ray Admin页面上完成json配置+生成二维码；iOS Crushmash - AI图片；iOS Crushmash - 创建入口调整；iOS Crushmash - 新用户引导；iOS Crushmash - 登录失败原因统计；iOS Crushmash - 首页Creator tab；twitter看板需求,,,,,,,,,,,,,,,
197,12-05-2025,6.9.1,正式发版,首月折扣；邮件更新；抽奖功能；网站氛围动画 & banner等静态UI；抽奖页面 & 相关动画；功能入口展示；功能逻辑联调；商品展示 & 购买；支付购买及记录,,,,,,,,,,,,,,,
198,12-05-2025,临时,临时发版,1. 【运营临时需求】- 潜力创作者/OC banner轮播,,,,,,,,,,,,,,,
194,12-04-2025,临时,临时发版,【特批，配置调整】取消rapyd支付托管页面3ds认证,,,,,,,,,,,,,,,
195,12-04-2025,临时,临时发版,【特批】mopoga落地页发版,,,,,,,,,,,,,,,
193,12-03-2025,临时,临时发版,服务端；1. 【线上bug p0】修复paypal2 一次性商品支付未入账的问题；2. 【服务端发版，特批】调整线上图片策略分组 - 分组1推全；3. 【线上 p1 bug】修复重复发放徽章的线上问题；4. 【特批】开发手动+延迟发放徽章的功能；1. 【线上bug P0】修复因intro格式解析错误导致审核OC时报错无法正常审核的问题；2. 【线上bug p0】修复支付路由，国家选择Canada时无法选择state的bug,,,,,,,,,,,,,,,
192,12-01-2025,临时,临时发版,【线上P0 bug】解决首页 Editor's Choice Tab 下 Tag 过滤异常的问题,,,,,,,,,,,,,,,
190,11-28-2025,临时,临时发版,1. 【运营临时需求】- 潜力创作者/OC banner轮播徐唯原,,,,,,,,,,,,,,,
191,11-28-2025,临时,临时发版,【特批 P1】隐藏Web mobile端首页提示登录弹窗，解决App下载Banner点击率下降问题；cc徐唯原,,,,,,,,,,,,,,,
187,11-27-2025,临时,临时发版,1. 【服务端临时发版】；a. 【改配置，特批】新版排行榜数据上线；b. 【特批】图片功能补充埋点排查图片触发问题（无需测试）；c. 【线上P1 bug】解决新版排行榜数据异常问题；2. 【前端临时发版】徐唯原；a. 【线上p1 bug】修复 Target OC 场景卡显示异常的问题；b. 【特批】新版排行榜页面上线,,,,,,,,,,,,,,,
188,11-27-2025,临时,临时发版,a. 【改配置，特批】新版排行榜数据上线；b. 【特批】图片功能补充埋点排查图片触发问题（无需测试）；c. 【线上P1 bug】解决新版排行榜数据异常问题；2. 【前端临时发版】徐唯原；a. 【线上p1 bug】修复 Target OC 场景卡显示异常的问题；b. 【特批】新版排行榜页面上线,,,,,,,,,,,,,,,
189,11-27-2025,临时,临时发版,a. 【线上p1 bug】修复 Target OC 场景卡显示异常的问题；b. 【特批】新版排行榜页面上线,,,,,,,,,,,,,,,
184,11-25-2025,临时,临时发版,1. 【前端发版，线上P1bug】群聊的选择弹窗里的OC头像加载不出来；2. 【服务端模型调整，急急如律令】Claude 3.7/Ultra Eco 3.7 下线 & Eco 4 /Ultra Eco 4 上线；3. 【服务端临时发版，特批】对于请求异常和长度限制的图像匹配请求，进行最多3次重试 + 补充日志，自测；4. 【前端发版，P1bug】修复pc端图片拖拽问题；cc徐唯原,,,,,,,,,,,,,,,
185,11-25-2025,临时,临时发版,4. 【前端发版，P1bug】修复pc端图片拖拽问题；cc徐唯原,,,,,,,,,,,,,,,
186,11-25-2025,临时,临时发版,【特批，配置调整】Paypal2 放量；【特批，配置调整】Rapyd 取消强制3DS验证,,,,,,,,,,,,,,,
182,11-21-2025,6.8.0,正式发版,App端商品价格调整显示样式；GP/AppStore 首次订阅优惠；Listpay 支付渠道调研；Mobile 订阅页面新增底部价格样式ab实验；Stripe渠道包订阅页面UI优化；growthbook调研+接入；成人认证逻辑优化；飞书支付渠道报警优化 - 运维；其他支付渠道/支付失败 选择弹窗优化；商品增加VAT税费；圣诞节商业化活动；支付按钮增加跳转App支付；新模型测试-Gemini 3.0 Pro；新模型测试-Mochi V2；聊天模塊竟品調研；聊天内增加图片功能 - 优化1；聊天内增加图片功能 - 优化5；图片策略AB分组调整；图片成本优化；首页推荐V1.0；提升memory上限；创作者新增ai图片通知；聊天内增加图片功能-合规；审核后台总记录优化-memory 审核总记录；app 切换 tab 字体不对；监控告警分级标准制定；競品調研頁面優化；局部骨架屏系統；iOS Crushmash；Mopoga & Lewdspot 站 SEO 优化需求 1 期 - 首页优化,,,,,,,,,,,,,,,
183,11-21-2025,临时,临时发版,1. 【运营临时需求】- 潜力创作者/OC banner轮播,,,,,,,,,,,,,,,
180,11-20-2025,临时,临时发版,1. 【服务端发版，急急如律令】Gemini continue优化 + Ultra Kimi K2支持代码上线；2. 【模型配置调整，特批】Gork 3 模型相关调整；3. 【模型配置调整，急急如律令】Ultra Kimi K2 上线,,,,,,,,,,,,,,,
181,11-20-2025,临时,临时发版,【特批】payssion功能修改到了表索引结构，需要在代码中同步pre环境的表结构至线上，防止线上重启后表结构混乱,,,,,,,,,,,,,,,
178,11-18-2025,临时,临时发版,1. 【运维修改配置，急急如律令】替换wiki链接,,,,,,,,,,,,,,,
179,11-18-2025,临时,临时发版,1. 【前端線上問題，P0】修復語音報錯路徑在 Web 失效的問題 徐唯原,,,,,,,,,,,,,,,
176,11-17-2025,6.7.0,正式发版,Payssion 支持更换卡片支付；购买消息上限扩容接入 Paypal2；会员延期接入 Paypal2；商品增加 VAT 税费；支付按钮增加跳转 App 支付；Claude 3.7 下架 + Claude 4 上线；模型服务器资源调整；新模型测试；Continue 优化；聊天优化项集合；图片策略 AB 实验调整；创建功能 - 报错 UI 调整；创建流程优化 - 场景卡名字改选填项；11/14 创作者资源位更新；Smash or Pass 优化；竞品调研页面优化；首页排行榜；站内 wiki 链接替换 - 运维替换，需要单独发；Mopoga & Lewdspot 站 SEO 优化需求 1 期 - 首页优化；技术调研-如何爬取游戏资源&自动化部署；iOS Crushmash；运营后台支持下发 40000 消息扩容商品；注册登录优化,,,,,,,,,,,,,,,
177,11-17-2025,临时,临时发版,1. 【站内信配置，特批】Claude 3.7 Sonnet、Ultra Eco 3.7 Sonnet 升级通知；2. 【前端发版，P0】处理聊天语言参数漏传，导致模型回复语言设置错误（默认未按照用户浏览器语言设置） 徐唯原；3. 【前端发版，P1】图片上传失败时，点击save按钮需要重新触发上传 & 补充图片上传失败埋点；4. 【服务端发版，P2】处理janitor站非流式请求在某些模型上随机报错；5. 【服务端发版，P0】解决总结失败情况下埋点未上报的bug；cc徐唯原,,,,,,,,,,,,,,,
175,11-14-2025,临时,临时发版,1. 【运营临时需求】- 潜力创作者/OC banner轮播,,,,,,,,,,,,,,,
173,11-13-2025,临时,临时发版,1. 【线上bug p1】修复Payssion支付升级档位后，续费降档问题；2. 【配置调整】Payssion支付俄罗斯地区放量，尾号0-79,,,,,,,,,,,,,,,
174,11-13-2025,临时,临时发版,【线上bug P0】修复OC Rating是18+被人审为二级后，只有开启三级开关的用户才能访问聊天页，其余非创作者都展示404页面的问题,,,,,,,,,,,,,,,
172,11-12-2025,临时,临时发版,1. 【配置调整】GB地区成人认证放量调整至尾号 0-79；2. ~~【配置调整】Payssion支付俄罗斯地区放量调整至尾号 0-79 ~~~~~~~~ ~~~~~~~~ ~~；3. 【配置调整】Onlypay 支付渠道排序调整，见配置表,,,,,,,,,,,,,,,
171,11-10-2025,临时,临时发版,1. 【线上bug p1】修复Web活动 tag OC 在编辑时丢失其他 tag 的问题徐唯原；2. 【特批，CO导流落地页需求】-新的注册/付费前置入口,,,,,,,,,,,,,,,
169,11-07-2025,临时,临时发版,1. 【运营临时需求】- 潜力创作者/OC banner轮播；2. 【服务端临时发版，线上问题P1】修复continue后图片存储问题；3. 【线上bug p1】修复Web首页smash入口无法关闭的问题,,,,,,,,,,,,,,,
170,11-07-2025,临时,临时发版,3. 【线上bug p1】修复Web首页smash入口无法关闭的问题,,,,,,,,,,,,,,,
166,11-04-2025,临时,临时发版,【线上bug p0】修复新版App端使用bt路由支付时，取消支付跳转回app内的弹窗，支付渠道不正确的bug,,,,,,,,,,,,,,,
167,11-04-2025,临时,临时发版,1. 【急急如律令】成人认证增加付费用户免认证逻辑；2. 【急急如律令】Payabl 订单增加 resend notification,,,,,,,,,,,,,,,
168,11-04-2025,临时,临时发版,cc徐唯原,,,,,,,,,,,,,,,
164,10-31-2025,6.6.0,正式发版,Payabl 订单增加 resend notification；成人认证增加付费用户免认证逻辑；Rapyd 支付，支持会员订阅/升级；Rapyd 支付 管理订阅；BT支付路由接入Rapyd支付渠道；成人认证商品接入 Rapyd支付；感恩节营销活动；Store页面 消息扩容商品UI设计优化；GP包/Crushmash包增加 8000 credits挡位；Xpate 支付调研；商业化模块重构；首页oc卡片tag展示优化；聊天内增加图片功能 - 优化1；聊天内增加图片功能 - 优化2；continue优化；gork/ultra gork 展示了推理内容；IndexTTS部署测试；创建OC流程 - tag选中交互优化；创建OC流程 - 一键导入流程改动；创建流程优化 - 优化场景卡编辑交互；创建功能布局调整；创建OC流程 - preview新增feeds流样式；创建流程优化 - 优化移动端文本输入交互；配合集群升级；搜索服务等配合集群升级；支付服务等配合集群升级；个人空间页-埋点补充；新增创作者月榜；创作者资源位更新；APP端相关配合集群升级,,,,,,,,,,,,,,,
165,10-31-2025,临时,临时发版,1. 【运营临时需求】- 潜力创作者/OC banner轮播；2. 【特批】- 万圣节活动tag及banner上线；3. 【特批】- 服务端互动埋点补充OC分级信息；4. 【特批】- Web端多语言更新，调整创建OC页Rating模块提示,,,,,,,,,,,,,,,
163,10-27-2025,6.5.0,正式发版,PC web 订阅页面支持鼠标拖拽滑动；侧边栏订阅入口标签引导优化；畅聊包购买接入 Payabl支付渠道；会员+畅聊包 组合包支持bt支付；订阅页面优化实验；store页面数据完善；聊天内增加图片功能 - 优化4；聊天内增加图片功能 - 优化6；聊天页/memory页右边侧边栏UI优化；群聊告警；IndexTTS部署测试；优化编辑流程loading逻辑；后台配置站内信优化；处理intro和greeting翻译中翻译失败的case；彈窗重構 - 替換、回測所有彈窗；服务端埋点写入数仓优化；調研訪問首頁到聊天之間的使用路徑，體驗發生的瓶頸處、改善處；小弹窗调整颜色；Crushmash - 消息打分，feedback；Crushmash - 通知页，通知设置；Crushmash - 消息兑换；Mopoga落地页需求,,,,,,,,,,,,,,,
162,10-23-2025,临时,临时发版,【线上bug P0】修复crushmash包服务端埋点未收集问题,,,,,,,,,,,,,,,
161,10-22-2025,临时,临时发版,【配置调整】将**加拿大**和**澳大利亚**两个国家的网页侧边栏导流入口及引导下载App Banner中的 iOS 渠道包更换为 App Store 版本徐唯原,,,,,,,,,,,,,,,
160,10-16-2025,临时,临时发版,【配置调整】调整Payssion支付渠道放量，暂停放量，排查重复扣款问题；【线上bug P1】修复Payssion支付重复扣款问题，恢复线上放量；【配置调整】调整Latipay放量，隐藏支付渠道,,,,,,,,,,,,,,,
158,10-14-2025,临时,临时发版,【线上优化】优化翻译任务执行流程 ，尝试解决翻译服务卡死问题的修复效果；版本：；crushon-translate: main-617eee4；内容：；修复翻译引擎无限循环未检查 context 导致 worker 卡死问题,,,,,,,,,,,,,,,
159,10-14-2025,临时,临时发版,1. 【线上bug p1】修复新增或修改的图片有under review状态时，再次新增或编辑了图片并且这次都通过了，此时本应该在审核队列的图片被踢出队列，导致不会在后台出现的问题,,,,,,,,,,,,,,,
156,10-10-2025,6.4.0,正式发版,Latipay 接入续费管理；basistheory 支付路由支持购买 Pro畅聊包；会员+畅聊包 组合购买增加支付渠道；新增Credits商品档位；支付渠道配置增加区分国家/地区；直连支付页面优化；消息/钻石/金币 icon设计优化；OC卡片more菜单UI优化；运营活动万圣节tag活动；首页banner；continue空回复问题排查&处理；gemini 供应商接入；gemini 回复ext问题处理；新模型测试Claude 4.5；聊天bug处理 - 历史会话无法pin消息；聊天內容多 Tab 同步；聊天内增加图片功能 - 优化；聊天内增加图片功能 V1.0；聊天页右边侧边栏UI优化；默认模型全切给leo；VIP音色限定下调vip等级到standard（目前限制了luxe）；个人空间页UI优化；个人空间页UI优化；后台配置站内信优化；调整ts数据（为了做其他合规优化要完成的前置需求）；合规优化 - 2.3；合规优化 - 2.5；合规优化 - 2.6；oc 表單代碼整合；彈窗重構 - 替換、回測所有彈窗,,,,,,,,,,,,,,,
157,10-10-2025,临时,临时发版,1. 【运营临时需求】- 潜力创作者/OC banner轮播,,,,,,,,,,,,,,,
155,10-09-2025,临时,临时发版,【**线上bug p1**】修复payabl订阅续费时，有概率重复扣费的问题,,,,,,,,,,,,,,,
153,09-29-2025,临时,临时发版,【**配置调整**】调整AW2 放量，恢复为尾号20-99，预期月付/年付默认支付流量为40%,,,,,,,,,,,,,,,
154,09-29-2025,临时,临时发版,【线上p1 bug】 – 修复首页/搜索结果页/他人页-OC卡片的UI问题 </p><p>；产品负责人：</p><p>测试负责人：</p><p>前端负责人：</p>,,,,,,,,,,,,,,,
152,09-28-2025,临时,临时发版,【配置调整】aw2购买订阅页面加载无法完成，调整购买订阅会员aw2渠道放量,,,,,,,,,,,,,,,
150,09-26-2025,6.3.0,正式发版,Payssion 支付接入；GPU资源调整；Taurus V2 标注即将下线；continue空回复问题排查&处理；deepseek处理；free 模型兜底逻辑切换；instant 下线；pisces 和 aries的资源移给其他模型；找更稳定的模型渠道；默认模型全切给leo；语音AB测试-下线与推全；语音模型下线处理；oc metric 优化；OC角色详情页-直接展示编辑按钮；OC动图取首帧 - 策略优化；创建OC流程 - 取消默认选择SFW分级；创建OC流程 - 取消默认选择性别/分级；圖片上傳壓縮；搜索结果页 - 用户卡片UI优化；个人空间页UI优化；主态个人OC卡片展示编辑和分享入口；后台搜索提示回调重构；聊天内增加图片功能；Debug url 生成頁面；彈窗重構；埋點上報規範化；排查 userPreference 問題；實現 POST SSE；網站 cookie 加上 uid 用於防護策略；iOS Crushmash,,,,,,,,,,,,,,,
151,09-26-2025,临时,临时发版,1. 【运营临时需求】- 潜力创作者/OC banner轮播,,,,,,,,,,,,,,,
149,09-25-2025,临时,临时发版,【**特批**】web端侧边栏pricing入口显示气泡引导，推广bundle组合包,,,,,,,,,,,,,,,
148,09-24-2025,临时,临时发版,1. 【**线上p1 bug**】针对 OC 卡片，修复 MP4 图像未按从上到下展示、进而导致OC脸部被截断的问题,,,,,,,,,,,,,,,
147,09-23-2025,临时,临时发版,1. 【线上bug p1】补充BT支付路由表单页面埋点；2. 【運營临时需求】：支付渠道审核合规內容調整 徐唯原；3. 【急急如律令】Standard/Premium用户发送站内信，告知Deluxe下线，引导购买组合包,,,,,,,,,,,,,,,
144,09-22-2025,临时,临时发版,【**特批**】Deluxe会员档位下线，Deluxe档位引导购买畅聊包/组合包 cc,,,,,,,,,,,,,,,
145,09-22-2025,临时,临时发版,【**急急如律令需求上线**】；BT支付路由上线，前端；TOS页面更新，增加BT要求补充文案,,,,,,,,,,,,,,,
146,09-22-2025,临时,临时发版,【**配置调整**】调整AW2、AW3支付渠道入组条件，增加注册时间及发送消息限制  cc,,,,,,,,,,,,,,,
142,09-19-2025,临时,临时发版,1. **【运营临时需求】：**潜力创作者 / OC banner 轮播,,,,,,,,,,,,,,,
143,09-19-2025,临时,临时发版,【**急急如律令需求上线**】；BT支付路由上线，前端/服务端发版，客户端无需发版；TOS页面更新，增加BT要求补充文案；支付渠道配置调整；月付默认支付：payabl/aw2/s站 为 **40/40/20；年付默认支付：payabl/aw2/支付路由/APG2  为 **40/40/10/10,,,,,,,,,,,,,,,
141,09-17-2025,临时,临时发版,a. 【线上bug，P0】 S 站登入沒辦法使用網站,,,,,,,,,,,,,,,
139,09-15-2025,临时,临时发版,【P1】尝试解决报警群memory搜索服务使用cpu过高的问题。；2. 【服务端配置修改，特批】；continue优化放量 20%；3. 【web端临时发版，特批】；【线上bug，p1】 修复free用户会员档位更新时间前端展示不正确的问题；【线上bug，P0】非英語國家登入，跳轉回網站時會報錯  徐唯原,,,,,,,,,,,,,,,
140,09-15-2025,临时,临时发版,【线上bug，p1】 修复free用户会员档位更新时间前端展示不正确的问题；【线上bug，P0】非英語國家登入，跳轉回網站時會報錯  徐唯原,,,,,,,,,,,,,,,
137,09-12-2025,6.2.0,正式发版,Latipay 接入续费管理；Payssion 支付接入；basistheory 支付路由支持购买Pro畅聊包；英国地区成人认证方案；新人礼包 - 新增下发条件；首页 Banner 数据需求；找更稳定的模型渠道 DeepSeek；找更稳定的模型渠道 Gemini Flash；聊天内增加图片功能；新渠道测试 - 火山；音色/模型下线UI需求；个人空间页UI优化；聊天内增加图片功能；Crushmash - Pin；Crushmash - Memory；Crushmash - Task,,,,,,,,,,,,,,,
138,09-12-2025,临时,临时发版,a. 默认模型60% leo 和 40% taurus；b. 1 发版后观测线上资源情况，决定是否要给Leo扩充资源；2. 【运营临时需求】- 潜力创作者/OC banner轮播,,,,,,,,,,,,,,,
136,09-10-2025,临时,临时发版,【线上bug P1】补齐web端组合包订阅页面购买实验埋点,,,,,,,,,,,,,,,
134,09-08-2025,临时,临时发版,服务端+前端发版；1. **【线上bug p1】：**修复**导入PNG**创建OC时，自动设置了头像但仍提示“未设置头像”的问题；2. **【线上 bug p0】：**修复线上服务重启且base prompt 延迟**展示数据**出错的问题；3. **【服务端配置修改，特批】**语音ab配置修改（本期有配置逻辑修改，为了避免同步上线的时候造成线上的问题，所以主版本上线后配置单独发布）,,,,,,,,,,,,,,,
135,09-08-2025,临时,临时发版,1. 【服务端配置修改，线上bug】语音ab配置修改，线上应该有10%的留白，分组有误。；2. 【服务端发版，线上bug】gif转mp4功能导致数据库压力升高，需要补充索引 + 修改代码逻辑；3. 【前端发版，线上bug】修复组合包支付失败，但是提示支付成功的bug；4. 【前端发版，线上bug】修复在网站访问期间，未被使用的设备存储状态且预期登出时不被清除，有可能因登出而被清除的bug 徐唯原,,,,,,,,,,,,,,,
131,09-05-2025,6.1.0,正式发版,Pro畅聊包 - GP市场包支付；basistheory 支付路由接入；消息/钻石/金币 icon设计优化；消息扩容商品开放展示；聊天bug处理 - 历史会话无法发消息；聊天内增加图片功能；模型选择弹窗-所选项未改变时，Save 按钮置灰；AI 语音新渠道测试 - 火山接入；leo容量扩充；GPT 5新模型测试；搜索引擎调研；创作者更新Nudge按钮功能优化；处理intro和greeting翻译中翻译失败的case；埋点上报规范化；SEO优化：首页10个OC 图片 alt 调整；iOS Crushmash - 订阅页升降级&IOS支付接入；iOS Crushmash - 替换 链接 & 确认协议文本替换；iOS Crushmash - 埋点走查（首页/聊天/订阅页转化）；iOS Crushmash - IOS 订阅联调；iOS Crushmash - 聊天中历史消息上限；iOS Crushmash - greeting& introduction(聊天+oc詳情頁）& 模型decription接入翻译；iOS Crushmash - 配置协议到新ios域名；支持运营后台下发畅聊包；登录相关数据需求,,,,,,,,,,,,,,,
132,09-05-2025,临时,临时发版,服务端+前端发版；1. **【特批，调整配置】：**线上deepseek出问题，需要从默认模型里移除；2. **【运营临时需求】：**潜力创作者 / OC banner 轮播,,,,,,,,,,,,,,,
133,09-05-2025,临时,临时发版,1. 【**推理服务升级，特批**】推理服务升级，灰度20%free leo线路使用新推理服务,,,,,,,,,,,,,,,
130,09-04-2025,临时,临时发版,产品负责人：；前端负责人：；测试负责人：；1. **【线上bug p1】**修复线上订阅页面s站年付支付埋点错误；产品负责人：；前端负责人：；测试负责人：；2. 【**配置调整，特批】**调整支付渠道配置，payabl继续放量,,,,,,,,,,,,,,,
126,09-02-2025,临时,临时发版,产品负责人：；服务端负责人：；测试负责人：；发版内容：；1. 调整支付渠道配置，将默认月付/年付支付渠道 放量20% 给payabl cc,,,,,,,,,,,,,,,
127,09-02-2025,临时,临时发版,前端臨時發版；产品负责人：徐唯原；前端负责人：徐唯原；测试负责人：；发版内容：；1. 通知嚴重的安全性問題：用戶可以透過評論來做到 xss 攻擊；a. (https://applink.feishu.cn/client/message/link/open?token=Amh57pLCBUATaLayBFBAQAQ%3D)；運營後台臨時發版；产品负责人：徐唯原；前端负责人：；测试负责人：；发版内容：,,,,,,,,,,,,,,,
128,09-02-2025,临时,临时发版,产品负责人：徐唯原；前端负责人：徐唯原；测试负责人：；发版内容：；1. 通知嚴重的安全性問題：用戶可以透過評論來做到 xss 攻擊；a. (https://applink.feishu.cn/client/message/link/open?token=Amh57pLCBUATaLayBFBAQAQ%3D)；運營後台臨時發版；产品负责人：徐唯原；前端负责人：；测试负责人：；发版内容：；1. 運營後台嚴重的安全性問題：用戶可以透過輸入內容來做到後台的 xss 攻擊,,,,,,,,,,,,,,,
129,09-02-2025,临时,临时发版,产品负责人：徐唯原；前端负责人：；测试负责人：；发版内容：；1. 運營後台嚴重的安全性問題：用戶可以透過輸入內容來做到後台的 xss 攻擊；a. (https://applink.feishu.cn/client/message/link/open?token=Amh57pLCBUATaLbhNprMgBM%3D),,,,,,,,,,,,,,,
125,09-01-2025,临时,临时发版,1️⃣  新增Web默认二级国家白名单；产品负责人：；测试负责人：；前端负责人：；发版内容：；1. **新增Web默认二级国家白名单（目前国家包含 巴西、加拿大、印度）；2. **白名单优先级如下：优先检查 18+ 弹窗白名单，如果命中（目前仅欧洲国家配置），则弹 18+ 弹窗；否则检查默认二级开关白名单，命中则网页默认二级；若两个白名单都未命中，则默认一级，不弹 18+ 弹窗。；cc徐唯原,,,,,,,,,,,,,,,
123,08-29-2025,临时,临时发版,三端发版；1. ****: 运营 8 月份tag 活动：1970s cc；2. **** 个人页滑动优化；3. **【特批，调整配置】：**控制语音渠道的成本和用量问题，临时限制caliope模型免费用户用量；4. **【运营临时需求】：**潜力创作者 / OC banner 轮播,,,,,,,,,,,,,,,
124,08-29-2025,临时,临时发版,产品负责人；前端负责人；测试负责人；发版原因：线上 bug P0；发版内容：**修复Web未登录状态通过首页Banner跳转到store页面不会展示登录弹窗一直loading的问题；cc徐唯原,,,,,,,,,,,,,,,
121,08-27-2025,临时,临时发版,【线上P1bug】语音问题修复；产品：；服务端：；前端：；测试：；发版内容：；（服务端发版）处理minimx 渠道并发问题，重新上线minimax音色；（前端发版）处理minimax 渠道音色重播不完整问题,,,,,,,,,,,,,,,
122,08-27-2025,临时,临时发版,产品负责人；服务端负责人；前端负责人；测试负责人；发版原因：急急如律令；发版内容：**AW2独立站支持审核要求改造 cc,,,,,,,,,,,,,,,
118,08-26-2025,临时,临时发版,服务端发版；1. ** AB需求**: 调整continue灰度逻辑（取uid第二位 0 的用户灰度），放量10%；a. 发版+改配置；2. ****: 增加一个开关控制是否可以获取event tag功能；3. **: **banner埋点；前端发版徐唯原；4. ****: 模型弹窗人名超出上限+按钮位置异常的bug；5. ****: 修复线上google翻译报错徐唯原；6. **: **banner埋点徐唯原；7. **: **登陆弹窗show和click埋点 徐唯原 cc；8. **：**修复未登录状态下，直接访问二级oc聊天页并发送消息，登录弹窗会闪一下并关闭的bug；9.  ****: 修复 “模型选择弹窗 - 点击选中并保存” 交互中，埋点数据部分丢失的问题,,,,,,,,,,,,,,,
119,08-26-2025,临时,临时发版,服务端发版；1. ****: 语音异常状态处理 +恢复minimax昨天下架的语音,,,,,,,,,,,,,,,
120,08-26-2025,临时,临时发版,产品负责人；服务端负责人；前端负责人；测试负责人；发版原因：急急如律令；发版内容：**AW2独立站支持审核要求改造 cc,,,,,,,,,,,,,,,
116,08-25-2025,临时,临时发版,产品负责人；前端负责人；测试负责人；调整原因：线上bug；调整内容：修复消息购买成功弹窗文案中消息数量展示不正确的问题,,,,,,,,,,,,,,,
117,08-25-2025,临时,临时发版,服务端发版；1. ****minimax 语音问题 下掉更新弹窗和所有 mini 音色；产品cc,,,,,,,,,,,,,,,
114,08-22-2025,6.0.0,正式发版,AW2 支付成功订单邮件；Crushmash iOS包接入支付；Payssion 支付调研；Pro 模型 畅聊包-GP支付；UK 年龄验证方案调研；支付渠道配置增加区分国家/地区；消息扩容商品开放展示；排查、修復有時發生無法登出的問題；點贊、收藏按鈕動畫優化；首页创作者推荐超时概率优化；推理服务升级；创建-ai 总结优化；memory 总结优化；侧边栏oc名称旁增加复制按钮；聊天stream优化；聊天内增加图片功能——本期完成demo和部分开发；模型选择弹窗优化-去掉点击prompt卡片执行线路默认选中的逻辑；模型选择弹窗优化2-1. 主模型category选项位置 2. 空态提示样式；总结功能告警；语音技术优化-steam流示语音生成；角色详情页头图尺寸调整；创作者资源位banner/落地页更新；创作者更新Nudge按钮功能优化；搜索引擎调研；评论限制策略；审核后台总记录优化-OC审核总记录: 新增搜索功能；审核后台总记录优化-memory审核总记录: 新增搜索功能；审核后台总记录优化-user信息审核总记录: 新增User信息审核记录；需要审核的旧OC数据处理；处理intro和greeting翻译中翻译失败的case,,,,,,,,,,,,,,,
115,08-22-2025,临时,临时发版,1️⃣【运营临时需求】 – 潜力创作者 / OC banner 轮播</p><p>运营负责人：</p><p>测试负责人：</p><p>服务端负责人：</p><p>前端负责人：</p><p>发版内容：潜力创作者/oc banner轮播 </p><p>；2️⃣ 【修复线上bug】 – 模型选择弹窗中recents列表排序异常</p><p>产品负责人：</p><p>测试负责人：</p><p>服务端负责人：</p><p>发版内容：</p><p>【P1】紧急修复模型选择弹窗的recents列表排序异常的bug</p>,,,,,,,,,,,,,,,
113,08-21-2025,临时,临时发版,产品负责人；前端负责人；测试负责人；调整原因：**线上bug；调整内容：**修复APG2渠道购买畅聊包，zipcode字段未传递导致部分用户支付失败的问题 cc,,,,,,,,,,,,,,,
112,08-20-2025,临时,临时发版,1️⃣【特批】【线上优化】解决缓慢的内存泄漏问题；产品负责人：；测试负责人：无需测试；后端负责人：；发版内容：；crushon-backend: release-1985a25；优化GetInformationLength函数避免不必要的内存分配；优化SubscribeConversationMessageBus长连接错误处理和超时管理机制；2️⃣ **【修复线上bug】 – 模型选择弹窗交互bug；产品负责人：；测试负责人：；前端负责人：,,,,,,,,,,,,,,,
111,08-19-2025,临时,临时发版,产品负责人；服务端负责人；测试负责人；调整原因：特批；调整内容：调整畅聊包线上支付渠道排序，默认支付渠道调整为APG2 cc,,,,,,,,,,,,,,,
109,08-18-2025,5.22.0,正式发版,"Deluxe档位下线样式；Paypal 2 支付支持购买消息/消息扩容；basistheory +Zoho 支付路由+三方订阅管理调研；订阅页面推荐档位调整至Luxe；8月商业化运营活动；排查、修復有時發生無法登出的問題；郵箱登入 email 前端合法校驗；Web Mobile 底部banner优化；recent 列表针对block oc场景优化处理逻辑；模型选择弹窗交互优化；线路处于不可用状态时，增加弹窗提示用户切换模型；接入新的语音模型 - minimax；音色增加人工排序逻辑；语音渠道生成优化；创作者资源位banner/落地页更新；通知开关遗留问题修复；评论限制策略；调研看下不封ip,是不是设备指纹可行；gif转mp4业务功能开发；iOS Crushmash；性能優化；Profile页面TDK优化",,,,,,,,,,,,,,,
110,08-18-2025,临时,临时发版,1⃣️【特批】【线上优化】优化翻译服务，解决两个月的报警群间歇告警问题；产品负责人：；测试负责人：无需测试；后端负责人：；发版内容：；crushon-translate: main-855ca5f；修复 pond 协程池阻塞问题，增强任务处理稳定性；添加 ctx 用于超时取消；2⃣️【特批】【线上优化】优化搜索服务 和 Memory 缓存服务 查询数据的网关负载均衡问题，解决流量不均匀导致部分pod压力过高导致的告警；产品负责人：；测试负责人：无需测试；后端负责人：,,,,,,,,,,,,,,,
108,08-15-2025,临时,临时发版,【**运营临时需求】 – 潜力创作者 / OC banner 轮播；运营负责人：；测试负责人：；服务端负责人：；前端负责人：；发版内容：**潜力创作者/oc banner轮播,,,,,,,,,,,,,,,
107,08-14-2025,临时,临时发版,1⃣️【线上bug】memory 点表情功能修复；产品负责人：；测试负责人：；前端负责人：；发版内容：**修复线上mobile详情页单击气泡 表情列表无法显示的问题；2⃣️【特批】补充风控所需数据；前端负责人：徐唯原；发版内容：**补充发邮件的用户IP信息，用于风控分析；3⃣️【特批】Deluxe 会员下线提示文案+气泡；产品负责人：；前端负责人：；测试负责人：,,,,,,,,,,,,,,,
106,08-13-2025,临时,临时发版,1⃣️【特批】评论关键词匹配调整；产品负责人：；测试负责人：；服务端负责人：；发版内容：**Unicode 花式字符还原成普通字符后进行关键词匹配；2⃣️【特批】批量账号封禁；产品负责人：；服务端负责人：；发版内容：**所有这两个域名后缀的注册用户全部封禁（(mailto:arancdunon1985ba.com)、(mailto:hauclicdownle1971ba.com)）；3⃣️【特批】新用户注册白名单；产品负责人：；服务端负责人：,,,,,,,,,,,,,,,
104,08-12-2025,临时,临时发版,产品负责人；服务端负责人；测试负责人；调整原因：特批；调整内容：恢复Deluxe会员档位展示及购买；产品负责人；服务端负责人；测试负责人；调整原因：特批；调整内容：添加竞品关键词屏蔽，NU18.FUN；服务端负责人；测试负责人 ：删一行指标产出代码，不用回测,,,,,,,,,,,,,,,
105,08-12-2025,临时,临时发版,======；产品负责人；服务端负责人；测试负责人；调整原因：特批；调整内容：调整前端网关架构，尝试解决流量不均匀导致的报警；======；产品负责人；服务端负责人；测试负责人；调整原因：特批；调整内容：调整 Free Mochi 的延迟,,,,,,,,,,,,,,,
103,08-11-2025,临时,临时发版,======；产品负责人；服务端负责人；测试负责人；调整原因：特批；调整内容：调整 Claude 3.7 Sonnet 的底层资源配置；======；产品负责人；服务端负责人；测试负责人；调整原因：特批；调整内容：调整 Free Mochi 的延迟,,,,,,,,,,,,,,,
101,08-07-2025,临时,临时发版,1. 【特批**】服务端数据库调整；产品负责人：；测试负责人：；服务端负责人：；发版内容：**调整音色配置，cartesia的部分音色替换为fish；2. 【特批**】 服务端增加埋点；产品负责人：；测试负责人：；服务端负责人：；发版内容：**服务端增加埋点上报语音各渠道用量 & 用户消耗数据；3. 【线上bug修复**】 服务端自动总结功能bug修复；产品负责人：,,,,,,,,,,,,,,,
102,08-07-2025,临时,临时发版,【**运营临时需求】 – notesjoy 內容調整；运营负责人：；前端负责人：徐唯原；发版内容：notesjoy 內容調整 **徐唯原,,,,,,,,,,,,,,,
97,08-01-2025,5.21.0,正式发版,"Pro 模型 畅聊包；Pro 模型 畅聊包 支付渠道：AW2, OnlyPay；Pro 模型 畅聊包 支付渠道：APG2, 99；Redeem 页面入口调整；会员订阅页面UI优化；会员体验卡 - 新增下发条件；gif转mp4 MVP；更新弹窗后台优化；模型选择页优化；AI 圖片前置調研、對齊需求；continue线上灰度问题收集；聊天內容多 Tab 同步；聊天音頻接口流程重構；群聊告警；总结功能告警；调整聊天内计数提示条判断条件的判断条件；gemini模型空回复问题排查；模型成本优化；推理服务升级；新模型测试 - gemma-3n-e4b；新模型测试 - 上架新的claude模型线路-A；新模型测试 - gemini pro；创作者个人主页增加求更新功能；APP push新增优化；通知开关；Memory申诉功能；base prompt metric 优化；处理intro和greeting翻译中翻译失败的case；彈窗重構；改善 Web Debug 流程",,,,,,,,,,,,,,,
98,08-01-2025,临时,临时发版,1️⃣【**线上Bug修复】；产品负责人：；测试负责人：；前端负责人：徐唯原；发版内容：**聊天自動總結長連接優化，解決前端 pod 資源使用增長 50% 的問題 徐唯原；2️⃣ 【**运营临时需求】 – 潜力创作者 / OC banner 轮播；运营负责人：；测试负责人：；服务端负责人：；前端负责人：；发版内容：**潜力创作者/oc banner轮播,,,,,,,,,,,,,,,
99,08-01-2025,临时,临时发版,【特批】服务端发版；发版原因：如果超过5k+的收藏就不使用Redis了直接使用原始数据库，防止线上服务被打挂；后端发版负责人：；测试：；产品：；【线上 bug】服务端配置发版；发版原因：解决 genimi 空回复问题（暂时无法解决 continue 重复问题）；后端发版负责人：；测试：；产品：,,,,,,,,,,,,,,,
100,08-01-2025,临时,临时发版,【线上P0bug】服务端发版；发版原因：修复gemini 推理过程显示出来的问题；服务端：；测试&产品：,,,,,,,,,,,,,,,
95,07-30-2025,临时,临时发版,产品负责人：；客户端负责人：；测试负责人：,,,,,,,,,,,,,,,
96,07-30-2025,临时,临时发版,产品负责人：；服务端负责人：；发版原因：线上bug；发版内容：上下文构建异常，导致聊天内首句没有携带greeting信息,,,,,,,,,,,,,,,
93,07-29-2025,临时,临时发版,产品负责人：；服务端负责人**：；测试负责人：；发版原因：**特批；发版内容：；由于gemini空回复报错增加，调整线上默认模型配置（默认模型ab实验中去除gemini模型，最终线上的默认模型ab实验比例：Deepseek: Leo: Taurus = 2:2:6）cc,,,,,,,,,,,,,,,
94,07-29-2025,临时,临时发版,产品负责人：；服务端负责人**：；测试负责人：；发版原因：**线上bug修复；发版内容：**解决线上首页创作者Tab中创作者卡片展示不出OC的问题,,,,,,,,,,,,,,,
89,07-25-2025,5.20.0,正式发版,"APG 支付失败引导；GP包增加购买消息扩容；Payable 支付接入 - 会员订阅 -续费管理；AW2支付防抖处理；新版订阅页面PC web交互优化；支付页代码整理--二期；Payable 支付接入 - 一次性支付；Payable 支付调研；Paypal 美国主体账号接入支付；聊天输入框展开加一个过渡动画；首页banner配置做到后台；数据埋点需求---mobile, pc, browser, device, version, country 都給上；语音功能--全放量；语音用量补充报警通知；Continue线上灰度问题收集--截断；Continue线上灰度问题收集--补全问题优化；模型搜索功能优化；调研 intro开放js；上架新的claude模型线路-A【预期：转移Claude3.7用量，降低成本】；Grok4；Qwen3；个人页-OC卡片更多栏-Start Chat选项增加icon；Memory缺失埋点补充；角色详情页弹窗底图改色；App push功能交接；IOS crush mash---个人页；IOS Crushmash---首页；IOS Crush mash---firebase remote config；IOS Crush mash---敏感词过滤框架；IOS Crush mash---GP登录/iOS登录 - 服务端联调",,,,,,,,,,,,,,,
90,07-25-2025,临时,临时发版,前端临时发版；运营负责人：；测试负责人：；前端负责人：；版本号：；服务端临时发版；运营负责人：；测试负责人：；服务端负责人：；版本号：；发版原因：**运营临时需求；发版内容：**潜力创作者/oc banner轮播,,,,,,,,,,,,,,,
91,07-25-2025,临时,临时发版,运营负责人：；测试负责人：；前端负责人：；版本号：；服务端临时发版；运营负责人：；测试负责人：；服务端负责人：；版本号：；发版原因：**运营临时需求；发版内容：**潜力创作者/oc banner轮播,,,,,,,,,,,,,,,
92,07-25-2025,临时,临时发版,运营负责人：；测试负责人：；服务端负责人：；版本号：；发版原因：**运营临时需求；发版内容：**潜力创作者/oc banner轮播,,,,,,,,,,,,,,,
88,07-23-2025,临时,临时发版,产品负责人：；前端负责人：；测试负责人：；发版原因：线上Bug修复；版本号：发版后补充；发版内容：；Web 18+弹窗引发非欧洲国家首页Google一键快捷登录无法正常展示问题修复(https://applink.feishu.cn/client/message/link/open?token=AmVR42FsgEABaICCaINoAAM%3D)；cc徐唯原,,,,,,,,,,,,,,,
87,07-22-2025,临时,临时发版,产品负责人：；前端负责人：；测试负责人：；版本号：release-(https://drone.peekaboo.tech/link/peekaboo/onlychat/commit/6a720f206866ee4e350b99b94ed91ef2178c8cfa),,,,,,,,,,,,,,,
85,07-21-2025,临时,临时发版,服务端负责人：；版本：；ai-chat: main-9c59bb1；发版原因：线上bug修复；发版内容：；修复周日补充埋点引入的导致群聊故障的BUG；(https://wh9a7emh1y.feishu.cn/wiki/RyIlwdQrGieDU8kUTYGcfsRanvb?sheet=506977&rangeId=506977_eSkREigryG&rangeVer=1),,,,,,,,,,,,,,,
86,07-21-2025,临时,临时发版,服务端负责人：；产品：；测试：；发版原因：特批 线上 P0 bug；版本号：评论区补充；发版内容：；昨日周日发埋点带上去的第二个bug导致的创建部分 ai 总结不可用,,,,,,,,,,,,,,,
84,07-18-2025,临时,临时发版,产品负责人：；服务端负责人：；测试负责人：；版本号：release-sub:release-f31bffc；发版原因：线上bug修复；发版内容：；解决AW2渠道支付，会员续费未生效的问题 cc,,,,,,,,,,,,,,,
82,07-17-2025,临时,临时发版,产品负责人：；服务端负责人：；测试负责人：；版本号：crushon-sub:release-a657bcf；发版原因：线上bug修复；发版内容：；解决APG支付渠道，Luxe用户升级Deluxe未生效的问题 cc,,,,,,,,,,,,,,,
83,07-17-2025,临时,临时发版,产品负责人：；前端负责人：；测试负责人：；版本号：release-(https://drone.peekaboo.tech/link/peekaboo/onlychat/commit/432fa5654694e0c05b93a79ef9c2de3bbfdf23c7)；发版原因：；线上bug修复：mobile尺寸下，如果用户VIP已过期，点击群聊相关功能无法正常弹出订阅引导弹窗。在现有的代码逻辑中，订阅弹窗展示依赖recent chat列表，recent chat列表单独作为一页之后，弹窗就无法正常显示了(https://applink.feishu.cn/client/me；发版内容：；临时隐藏OC聊天页的群聊创建入口 cc徐唯原,,,,,,,,,,,,,,,
80,07-16-2025,临时,临时发版,产品：；测试：；前端：；发版原因：线上 Bug 修复；内容：；修复latipay支付回调的successcode参数取值错误导致deeplink拉起app弹窗展示异常；版本号：release-(https://drone.peekaboo.tech/link/peekaboo/onlychat/commit/c3fd958776d5628ef57d3dbd7b8b6e1f736ec447)；cc 徐唯原,,,,,,,,,,,,,,,
81,07-16-2025,临时,临时发版,产品负责人：；服务端负责人：；测试负责人：；发版原因：特批；预计发版时间：2025/7/16 下午 16:00 前；发版内容：修复非流式场景下continue问题,,,,,,,,,,,,,,,
77,07-15-2025,临时,临时发版,发版人：；发版原因：特批调整；发版号：；发版内容：；1. 运营后台还原多语言重置逻辑,,,,,,,,,,,,,,,
78,07-15-2025,临时,临时发版,产品：；测试：；前端：徐唯原；发版原因：線上 Bug；版本号：；发版内容：；1. 修復偶現的異常資料來源，導致聊天頁報錯；a. (https://applink.feishu.cn/client/message/link/open?token=AmaHyO4MR4ACaHYx4lMLwAE%3D)；b. 無正常資料流的影響,,,,,,,,,,,,,,,
79,07-15-2025,临时,临时发版,产品：；测试：；前端：；发版原因：线上 Bug 修复；版本号：release-(https://drone.peekaboo.tech/link/peekaboo/onlychat/commit/4f175ce3953eb1c98fee10f54a38d3d46b6ef07f)；发版内容：；1. 修复在打开同时多个tab，然后进入同一个oc聊天的时候页面500的问题；cc 徐唯原,,,,,,,,,,,,,,,
76,07-14-2025,5.19.0,正式发版,AW2 支付 - 一次性升级；AW3 接入；CWP 支付调研；Payable Checkout页面；Payable 支付接入；Payable 支付接入 - 会员订阅；Payable 支付接入 - 一次性支付；Payable 支付调研；Paypal 美国主体账号接入支付；动图压缩失败后返回首帧需求上线后观测监控情况 & 清理缓存数据；continue线上灰度问题收集 & 处理；GP包 android sdk版本升級；官方模型类别请求优化；记忆自动总结；模型搜索功能优化；默认模型试验；调整pin消息条数限制；语音功能；记忆自动总结功能调研；翻译优化【Character Greeting&Intro】新数据提前检测好语言；memory服务端互动埋点增加oc_biz_id参数；oc metric 优化；Character弹窗底图显示场景卡；Web PC-创建流程中Markdown编辑器默认开启；创建OC preview流程其他调整（支持切换模型、清空、聊天内其他操作）；创建&搜索流程数据修复；审核后台优化；AI Code Review 埋點 diff；Web 接口觀測埋點上報；Web 停留時長埋點上報,,,,,,,,,,,,,,,
73,07-11-2025,临时,临时发版,产品负责人；前端负责人；测试：；发版原因：**运营临时需求；版本号：；发版内容；1. Payable checkout审核页面开发上线 cc,,,,,,,,,,,,,,,
74,07-11-2025,临时,临时发版,服务端临时发版；产品：；测试：；服务端：；发版原因：特批；版本号：；发版内容：；1. Deluxe 档位恢复展示及购买，有效期至 UTC+0 8/10/2025 08:00:00 cc,,,,,,,,,,,,,,,
75,07-11-2025,临时,临时发版,产品：；测试：；服务端：；发版原因：特批；版本号：；发版内容：；1. Deluxe 档位恢复展示及购买，有效期至 UTC+0 8/10/2025 08:00:00 cc,,,,,,,,,,,,,,,
67,07-10-2025,临时,临时发版,1. **前端临时发版；产品：；测试：；前端：；发版原因：特批；发版内容：Web默认开关改为一级，老用户登录还是拉取之前开关等级；2. **服务端修改配置；产品：；测试：；服务端：；发版原因：特批；修改配置内容：,,,,,,,,,,,,,,,
68,07-10-2025,临时,临时发版,产品：；测试：；前端：；发版原因：特批；发版内容：Web默认开关改为一级，老用户登录还是拉取之前开关等级；2. **服务端修改配置；产品：；测试：；服务端：；发版原因：特批；修改配置内容：；更换年付默认支付渠道,,,,,,,,,,,,,,,
69,07-10-2025,临时,临时发版,前端临时发版；产品：；测试：；前端：；发版原因：特批；版本号：；发版内容：；1. 上线APG2 支付渠道；2. 上线AW2 新档位会员购买；服务端临时发版；产品：；测试：,,,,,,,,,,,,,,,
70,07-10-2025,临时,临时发版,产品：；测试：；前端：；发版原因：特批；版本号：；发版内容：；1. 上线APG2 支付渠道；2. 上线AW2 新档位会员购买；服务端临时发版；产品：；测试：；服务端：,,,,,,,,,,,,,,,
71,07-10-2025,临时,临时发版,产品：；测试：；服务端：；发版原因：特批；版本号：；发版内容：；1. 上线APG2 支付渠道；2. 上线AW2 新档位会员购买；客户端临时发版；产品：；测试：；客户端：,,,,,,,,,,,,,,,
72,07-10-2025,临时,临时发版,产品：；测试：；客户端：；发版原因：特批；版本号：；发版内容：；1. 上线APG2 支付渠道；2. 上线AW2 新档位会员购买；3. 修复配置latipay默认支付，elite/imperial年付的购买入口不显示的问题,,,,,,,,,,,,,,,
63,07-08-2025,临时,临时发版,1. 服务端临时发版；产品：；测试：；服务端：；发版原因：线上 bug；发版内容：修复memory图片审核不生效；2. 前端临时发版；产品：；前端：；测试：；发版原因：线上 bug；发版内容：,,,,,,,,,,,,,,,
64,07-08-2025,临时,临时发版,产品：；测试：；服务端：；发版原因：线上 bug；发版内容：修复memory图片审核不生效；2. 前端临时发版；产品：；前端：；测试：；发版原因：线上 bug；发版内容：；1.优化首页tag展开状态下常驻不隐藏,,,,,,,,,,,,,,,
65,07-08-2025,临时,临时发版,产品：；前端：；测试：；发版原因：线上 bug；发版内容：；1.优化首页tag展开状态下常驻不隐藏；2.优化首页tag收起抖动；3.优化memory下拉不自动收起；4.修复go top反复回归顶部问题,,,,,,,,,,,,,,,
66,07-08-2025,临时,临时发版,"产品负责人；前端负责人；测试：；发版原因：**运营临时需求；版本号：；发版内容；1. 更新TOS页面文案，增加下划线的部分文案，无需配置TOS强制弹窗 徐唯原 cc；Cancellation Terms；You may cancel your subscription at any time via your account’s subscription management settings. <u>To do so, navigate to Profile → My Subscription →；Upon cancellation, your service will remain active until the end of your current billing cycle. No further charges will occur after that.；Cancellations must be submitted before your next billing date. Failure to do so will result in a charge for the next billing cycle, which will not be ；We do not offer partial refunds or credits for unused time, mid-cycle cancellations, or subscription downgrades.",,,,,,,,,,,,,,,
61,07-07-2025,临时,临时发版,产品负责人；前端负责人**徐唯原；测试：；发版原因：线上bug修复；聊天頁 mobile 底部工具欄展開後無法點擊使用；(https://applink.feishu.cn/client/message/link/open?token=Amfj2yEYQgADaGubVsGBgAE%3D)；版本：release-2a89fce,,,,,,,,,,,,,,,
62,07-07-2025,临时,临时发版,发版人：；产品：；测试：；发版原因：特批；发版内容：；Claude 3.7 Sonnet 延迟微调 （配置变更，无代码调整）；动图压缩失败后的策略调整（图像压缩服务）；旧的动图压缩失败转原图的缓存清理 （延后24小时操作）,,,,,,,,,,,,,,,
58,07-03-2025,5.18.0,正式发版,AW2 支持购买新档位会员；AW2 支付- 会员档位升级；AW2 独立站订阅成功邮件；Payable 支付调研；s站降级规则优化；【通知优化】支付渠道失败飞书；gif转mp4方案调研；首页加载 loading + 渐隐聊调；continue 优化上线放量；web mobile的recent chats页体验优化；翻译优化-base prompt；聊天对话内产生新消息的时候红点 + 气泡提示用户；语音功能-计划增开 luxe；模型效果排查-LEO 和 TAURUS 拼写错误问题跟进；创建OC Tag相关优化 - Tag 历史记录；创建OC搜索tag优化；个人页筛选排序埋点；Web年龄确认优化；新增OC总进审量 埋点；审核后台优化-model 审核部分+comment 审核部分；Web 接口觀測埋點上報；服务优化；iOS Crushmash  -- 技術打底,,,,,,,,,,,,,,,
59,07-03-2025,临时,临时发版,发版人：；产品负责人：；发版原因：线上BUG；版本号：；crushon-backend: release-f4fbe20；发版内容：；空回复错误埋点及此类型报错，仅在无其他报错时触发；(https://wh9a7emh1y.feishu.cn/wiki/RyIlwdQrGieDU8kUTYGcfsRanvb?sheet=506977&rangeId=506977_VHsLIcmqVm&rangeVer=1),,,,,,,,,,,,,,,
60,07-03-2025,临时,临时发版,发版人：；产品负责人：；发版原因：特批；版本号：；ai-chat: main-4104d9a；发版内容：；DeepSeek R1 推理模型设置更高的输出预算降低截断概率,,,,,,,,,,,,,,,
57,07-02-2025,临时,临时发版,产品负责人**：；客户端负责人**：；服务端负责人**：；测试负责人**：；发版原因**：线上bug；发版内容**：；1. 部分推荐模型不展示问题修复；2. 客户端非截断场景下输入框内continue按钮被禁用问题修复,,,,,,,,,,,,,,,
55,06-30-2025,临时,临时发版,产品负责人；前端负责人；测试：；发版原因：线上bug修复；多语言更新；deluxe下线倒计时修复；latipay支付接口error场景添加跨域请求头；修復 chatV4 req 參數 Temperature 應該在沒設置過時，拿接口配置的默認值 徐唯原；版本：release-9f4ee87；cc 徐唯原,,,,,,,,,,,,,,,
56,06-30-2025,临时,临时发版,产品负责人；服务端负责人；测试：；发版原因：悦姐特批；发版内容：；修复支付通知无用字段还展示出来了的问题；修复支付通知title不准确的问题,,,,,,,,,,,,,,,
52,06-26-2025,5.17.0,正式发版,APG2 支付渠道接入；aw2 接入钱包支付；订阅页面增加年付折扣标签；動圖優化調研；首页following重构；首页新增app下载入口；continue优化 （不发版，本期先出demo）；PC端target创建弹窗调大；代碼重構-MessageBody、Bubble系列抽離成共用模塊；代碼重構-聊天邏輯代碼抽離，讓preview跟聊天可以共用一套邏輯；代碼重構-抽離ChatPromptBuildParams到Controller裡；聊天底栏加号里的内容UI优化；模型空回复问题；模型详情页增加模型创建时间显示；模型增加即将下线标识；模型稳定性指标；语音功能优化 + 问题处理；模型算力调整；模型效果排查 - leo和taurus 拼写错误问题处理；新模型上线 - Mochi；角色详情页弹窗改色+comment空状态图调整；每日任务增加刷新时间提示；三级开关任务达成之后引导优化；OC tag rating调整；OC审核站内信优化；审核后台优化；Lottie 性能問題排查；NSFW 邏輯重構；多语言发版流程优化；首页加载渐隐+动态loading,,,,,,,,,,,,,,,
53,06-26-2025,临时,临时发版,产品负责人；服务端负责人；发版原因：线上BUG；发版内容：；修正 Tapfiliate 转化异常 CC；版本号：；crushon-sub: release-96d22fc,,,,,,,,,,,,,,,
54,06-26-2025,临时,临时发版,产品负责人；前端负责人**徐唯原；测试：；发版原因：线上bug修复；发版内容；1. 修復 ios 18 下，首頁 creator tab 不能加載第二頁；版本号：；onlychat: release-d4100b4,,,,,,,,,,,,,,,
51,06-25-2025,临时,临时发版,产品负责人；前端负责人；测试：；发版原因：线上bug修复；发版内容；1. 切换页面停止音频处理；2. memory中全选状态异常；版本号：；onlychat: release-(https://drone.peekaboo.tech/link/peekaboo/onlychat/commit/f3004b23866afeb269f7d014ac5d90f06c0688e6),,,,,,,,,,,,,,,
49,06-20-2025,5.16.0,正式发版,AW2 支付 支持购买Credits/消息扩容；Latipay 支付 - 非对称加密；飞书付费通知优化；会员购买页面UI优化-Mobile；支付渠道异常，飞书报警通知；Redeem页面优化；首页memory优化；continue优化；代碼重構；空回复及评分异常报警；模型选择弹窗里，模型的vip标识外显；語音上線後，問題處理；deepseek r1 模型上线；oc metric优化；消息紀錄；首页banner创作者展示区；审核后台优化；Lottie 性能問題排查；Ux體驗優化；flutter專案架構重整；mobile 聊天輸入框體驗優化；動圖優化調研；發版 - 多语言；收藏特效；首页顶栏上下滑吸顶展开效果；首页加载渐隐+动态loading；性能監控；用戶畫面幀數上報；官网二级页面优化；官网韩语版本TDK修改,,,,,,,,,,,,,,,
50,06-20-2025,临时,临时发版,产品负责人；服务端负责人；发版原因：特批；发版内容：；语言检测服务切换为GRPC调用，降低DNS查询量，尝试解决报警群问题；版本号：；crushon-backend: release-d197975；language-detector: main-e065328,,,,,,,,,,,,,,,
47,06-17-2025,临时,临时发版,产品负责人；服务端负责人；发版原因：特批；发版内容：；1. 优化熔断器参数；2. 恢复16日临时发版流程BUG导致13日的修复提交被错误回滚的问题 CC；版本号：；crushon-backend: release-40f6a78,,,,,,,,,,,,,,,
48,06-17-2025,临时,临时发版,版本号：；crushon-backend: release-40f6a78,,,,,,,,,,,,,,,
46,06-15-2025,临时,临时发版,产品负责人；客戶端负责人；测试负责人；发版原因：特批 线上bug；发版内容：；1. 臨时解决部分用戶app啟動頁卡死的問題,,,,,,,,,,,,,,,
43,06-13-2025,临时,临时发版,发版人：；发版原因：特批需求修复；发版号：；crushon-sub:release-336698a；crushon-metric:release-b115452；crushon-backend:release-b7199db；发版内容：；1. Credits 消耗统计问题；2. AW2 取消续订导致订阅失效,,,,,,,,,,,,,,,
44,06-13-2025,临时,临时发版,产品负责人；前端负责人；服务端负责人；测试负责人；发版原因：线上bug；发版内容**：；1. 运营后台消息查询功能数据排序展示错误修复；cc徐唯原,,,,,,,,,,,,,,,
45,06-13-2025,临时,临时发版,产品负责人；服务端负责人；测试负责人；发版原因：特批 线上bug；发版内容：；1. 临时解决app首页OC following筛选tag展示错误数据,,,,,,,,,,,,,,,
41,06-12-2025,临时,临时发版,服务端负责人；测试负责人；发版原因：线上bug；发版内容：；1. 由于主从库延迟同步引起的数据同步错误，徽章不展示。,,,,,,,,,,,,,,,
42,06-12-2025,临时,临时发版,服务端负责人；测试负责人；发版原因：特批；版本：；crushon-sub: release-5bf00bc；发版内容：；1. 修复资损BUG**，**关闭不必要的付费转化分成埋点。,,,,,,,,,,,,,,,
40,06-11-2025,临时,临时发版,发版人：徐唯原；发版原因：線上 Bug；发版号：release-1ae4a42；发版内容：；1. 隱藏點贊、收藏動畫，避免第三方 lottie 組件導致的性能問題 徐唯原,,,,,,,,,,,,,,,
38,06-09-2025,5.15.0,正式发版,"AW2 支付 支持购买Credits/消息扩容；Deluxe升级用户飞书消息通知；Deluxe用户升级限制；Latipay直连支付；onlypay 支持购买消息；onlypay 支持一次性升级；会员购买页面UI优化；支付渠道数据上报排查；空回复补偿方案；聊天消息支持分页；语音功能；3.1（P0）创建/编辑oc流程（包含普通oc和target oc）支持为角色选择语音；3.6-3.7 (扣費紀錄、新增說明)；創建頁新增oc語音與編輯,語音選擇彈窗 (創作者),語音選擇彈窗兼容baseprompt,語音選擇彈窗 (用戶側)；成本优化；创建OC搜索tag优化；审核后台优化；审核后台总记录优化；收藏特效；iOS新包；审核数据报表；運營後台代碼整理；Tapfiliate postback开发",,,,,,,,,,,,,,,
39,06-09-2025,临时,临时发版,产品负责人；服务端负责人；测试负责人；发版原因：线上bug；预计发版时间：2025/6/9 20:00前；发版内容**：；1. 修复线上低版本客户端查看带有活动 tag 的 oc 会崩溃的问题。修复方案是过滤掉空的 background_color，对所有相关接口生效。；2. 线上低版本过滤掉活动 tag，以避免看到带有活动 tag 的 oc，避免筛选活动 tag。对大部分接口生效，但是部分接口：GetCharactersStream，GetCharactersByIds 暂时过滤不了活动 tag。；测试方案：；1. 对比测试新旧版本，确保在 oc 带有活动 tag 的情况下，app 不会崩溃。；2. 对比测试新旧版本，在大多数情况下，旧版本不会带有活动 tag。,,,,,,,,,,,,,,,
36,06-06-2025,临时,临时发版,发版人：；发版原因：特批需求修复；发版号：release-(https://drone.peekaboo.tech/link/peekaboo/onlychat/commit/f85d5c264737cb1f4662ae4d6dfbcded7b8bdac6)；发版内容：；1. 购买页面英文拼写错误修复 徐唯原,,,,,,,,,,,,,,,
37,06-06-2025,临时,临时发版,发版人：；发版原因：特批需求修复；发版号：；发版内容：；1. 修复Premium月付未显示原价；2. 聊天默认token长度修复,,,,,,,,,,,,,,,
33,06-05-2025,临时,临时发版,发版人：；发版原因：运营临时需求；发版号：；发版内容：；修改左下角和/tos页面的公司相关信息,,,,,,,,,,,,,,,
34,06-05-2025,临时,临时发版,产品负责人；服务端负责人；测试负责人；发版原因：线上bug；预计发版时间：2025/6/5 18:00前；发版内容**：修复线上旧 OC 展示活动 tag，出现在活动落地页的 bug,,,,,,,,,,,,,,,
35,06-05-2025,临时,临时发版,预计发版时间：2025/6/5 19:00；线上bug**：；1. 首页签到弹窗自动关闭 & 首页更新弹窗问题；2. 更新2周年徽章图标；3. 解决mobile活动页在部分浏览器上展示了黑线问题；4. 活动tag隐藏following tab；5. 签到动效更新；6. 高订阅等级max ai reply length没生效；7. 24k模型线路配置问题修复；特批优化**：；7. deluxe 倒计时样式优化,,,,,,,,,,,,,,,
31,06-04-2025,临时,临时发版,产品负责人；后端负责人；测试负责人；发版原因：线上bug；预计发版时间：2025/6/4 19:00前；发版内容**：解决线上问题：模型不可用时，未正确展示不可用信号标,,,,,,,,,,,,,,,
32,06-04-2025,临时,临时发版,产品负责人；前端负责人；测试负责人；发版原因：特批；发版内容：；隐藏原本需要隐藏的图片标签（红框内的标签）；📎 图片: img_YgEAtLNSmjnjgPTvuUsStqg~02mu_60acc377-67e0-472a-84f5-ea401af1961g；cc徐唯原,,,,,,,,,,,,,,,
30,05-27-2025,临时,临时发版,产品负责人；后端负责人；测试负责人；发版原因：线上bug；预计发版时间：2025/5/27 19:00前；发版内容**：解决渠道不可用，应该展示灰色信号；(https://applink.feishu.cn/client/message/link/open?token=AmVgS%2FGggQAcaDUtmcTmQBM%3D),,,,,,,,,,,,,,,
29,05-26-2025,临时,临时发版,产品负责人；前端负责人；测试负责人；发版原因：线上bug；预计发版时间：2025/5/26 19:00前；发版内容**：处理线上安卓chrome浏览器mobile端键盘升起时输入框没有升起的问题,,,,,,,,,,,,,,,
27,05-23-2025,临时,临时发版,发版人：；发版原因：特批需求修复；发版号：release-d7e54d9；发版内容：；1. 修复iOS开发者下线，导致订购用户购买extend无效的问题 cc；2. 修复GP包Deluxe年付订阅周期配置错误 cc；3. 默认模型切量 20%到leo上；4. taurus和leo free版本延迟降低的实验推全cc,,,,,,,,,,,,,,,
28,05-23-2025,临时,临时发版,发版人：；发版原因：急急如律令需求；发版号：release-**(https://drone.peekaboo.tech/link/peekaboo/onlychat/commit/37133d88e5b79a0df1ae47b365455555181662e2)；发版内容：；ios移动端展示引流banner，链接跳转侧载包wiki，开放国家加拿大；(https://applink.feishu.cn/client/message/link/open?token=AmSKwlXfAkADaDAd2zU6gAM%3D)；徐唯原,,,,,,,,,,,,,,,
26,05-22-2025,临时,临时发版,发版人：；发版原因：线上问题修复；发版号：release-**(https://drone.peekaboo.tech/link/peekaboo/onlychat/commit/d92bfc32e309c4972b421d69247f40bb3bbe9d8c)；发版内容：；临时解决ios聊天页卡顿问题；ios聊天页  强制不展示gif动图【使用静态图片】；ios聊天页  setting动图开关隐藏；ios聊天页  暂时移除流式打字机平滑处理；首页gender弹窗；选择gender自动关闭；gender选择与首页性别筛选同步；运营落地页  【这个是在pre上的运营内容顺带捎上去】,,,,,,,,,,,,,,,
25,05-21-2025,临时,临时发版,发版人：；发版原因：特批需求修复；发版号： crushon-sub:release-(https://drone.peekaboo.tech/link/peekaboo/crushon-sub/commit/6e28459a8085246e706d44cdb958acc4d730ecbe)；发版内容：；1. 修复99支付到账错误 cc,,,,,,,,,,,,,,,
24,05-20-2025,临时,临时发版,发版人：；发版原因：运营临时需求；发版号：release-**(https://drone.peekaboo.tech/link/peekaboo/onlychat/commit/fd1f78ec9752c0b0b9397ab0e1ac0ea0cbce095e)；发版内容：；修改左下角和/contact页面的公司相关信息；自测没问题,,,,,,,,,,,,,,,
23,05-19-2025,5.14.0,正式发版,Latipay 支付接入 - 会员订阅；Transaction 增加消息购买记录；aw2 支付渠道便捷退款；onlypay 支持购买消息；onlypay 支付失败防抖优化；个人主页增加credits消耗记录；聊天页侧边栏收起效果优化；语音功能demo；OC审核记录优化；官方账号白名单；审核后台优化；审核后台总记录优化；阿拉伯語系重構；代碼重構；更新弹窗遗留问题处理；收藏特效；性能改善 - ios 動圖渲染改善；性能改善 - 聊天流式；运营后台用户数据查询优化；iOS新包；马甲站janitorai.pro修复；Tiktok x Crushon 锚点数据需求；s站查询功能；审核数据报表；Tapfiliate postback开发,,,,,,,,,,,,,,,
20,05-15-2025,5.13.0,正式发版,aw支付页面优化；【两周年】Deluxe会员绝版下架；【两周年】会员购买credits折扣；【两周年】两周年运营活动；【两周年】新档位会员上架；【两周年】新人礼包；会员升级提示优化；【两周年】会员购买credits折扣；過往 modal 走查；【两周年】运营活动tag标识；性向分类——弹窗存储问题；【两周年】徽章 + 指定徽章可见模型功能；聊天问题排查；聊天頁代碼重構；消息质量反馈中添加“角色代替用户回答”的反馈；ultra线路回复隐藏字符问题处理；【两周年】新模型；模型成本优化；新模型问题处理；Character彈窗返回手勢關閉 - 調研 (Mobile)；通知代碼重構；OC场景卡限制展示状态；内容分级改动；Web 多語言流程改動；UserPreference 代碼整理；ui走查；阿拉伯語系重構；代碼重構 - App相关；翻译优化；收藏特效,,,,,,,,,,,,,,,
21,05-15-2025,临时,临时发版,发版人：；发版原因：修复线上bug；发版号：release-**(https://drone.peekaboo.tech/link/peekaboo/onlychat/commit/a3dbb6118ea4b7d116e425b88db13c00a11edc21)；发版内容：；回滚支付页多语言构建；cc 徐唯原,,,,,,,,,,,,,,,
22,05-15-2025,临时,临时发版,发版人：；发版原因：急急如律令需求；发版号：crushon-sub:release-56cbc18；发版内容：；1. aw2 支付上线,,,,,,,,,,,,,,,
18,05-14-2025,临时,临时发版,前端负责人：；产品负责人：；测试负责人：；发版原因：线上bug修复；发版内容：修复后台OC审核中OC头像为动图时无法展示问题,,,,,,,,,,,,,,,
19,05-14-2025,临时,临时发版,"预计发版时间：2025/5/14-20：00；前端负责人：；客户端负责人：；产品负责人：；测试负责人：；发版原因：特批；发版内容：性向分类需求；Web；1. **取消红点提醒；2. **取消强制填写个人资料页POV功能；3. **新手首页引导弹窗暂时取消，只保留原来Gender的问题。；4. **二确弹窗Yes/No的结果,以及POV选项结果，二确弹窗是否勾选Don ask again的结果都需要保存至用户账户。",,,,,,,,,,,,,,,
17,05-09-2025,5.12.0,正式发版,Airwallex 支付- 会员普通升级；Latipay 支付调研；G2A 兑换码支持会员延期 代码优化；payssion 支付，审核用独立站开发；支付成功邮件标题区分包名下发正确名称；OnlyPay 支付信用卡直连接入 技术调研；首次订阅折扣 - paypal支付；free trial 领取说明加｛i｝说明advance model 列表；pc端聊天页侧边栏样式修改；客户端遗留的部分html样式支持问题处理；默认模型切量到leo上实验；线路错误新增友好提示；memory 点表情交互调整；个人主页增加credits消耗记录；聊天頁代碼重構；灵感回复功能；调整 二三级开关展示；角色詳情彈窗點擊 Tag 返回定位；角色详情页弹窗comment卡片点击reply跳转Comment；创建OC Tag相关优化 - Tag 历史记录；个人空间页角色卡片增加互动；个人页筛选排序-2；Block User 优化；数据库问题跟进【临时需求】；收藏特效；ui走查；iOS新包；(http://gptdan.ai/)马甲站改版；馬甲站增加監控；搜索页筛选优化,,,,,,,,,,,,,,,
16,04-30-2025,临时,临时发版,服务端负责人：；产品负责人：；测试负责人：；发版原因：运营临时需求；发版的内容：**下掉crushon event的banner,,,,,,,,,,,,,,,
15,04-28-2025,临时,临时发版,发版人：**徐唯原；发版原因：线上bug修复；发版号：release-f9d2366；发版内容：；修復部分瀏覽器，走了不預期的 ws 連線,,,,,,,,,,,,,,,
13,04-25-2025,5.11.0,正式发版,Airwallex 独立站；AirWallex 支付 - 订阅；G2A 兑换码支持会员延期；OnlyPay 支付开放月付购买；渠道订阅按钮逻辑优化；首次订阅折扣；新人礼包；首页tag 分性向和性别；oc只有greeting的时候，聊天页默认定位到顶部；target 进度条增加动画；翻译成本优化；客户端html样式问题处理；聊天输入框交互优化；流式动画平滑处理；修复多分支场景下的rewind功能；修复新建会话时角色卡/场景卡保留失效的问题；claude 截断优化；模型配置优化；新模型接入；memory看过的沉底；memory详情页上下样式调整；个人空间页角色卡片增加互动；通知事件重构；OC模块化审核；内容分级改动；审核后台优化；运营后台增加埋点；Badge UI 样式所有渠道包统一；follow按钮颜色统一；ios新包云控重构,,,,,,,,,,,,,,,
14,04-25-2025,临时,临时发版,"发版人：；发版原因：**运营临时需求；发版号：release-**(https://drone.peekaboo.tech/link/peekaboo/onlychat/commit/7b6b77759852a7a6b0e010f1bb2162a8908458e0)；发版内容：**(https://applink.feishu.cn/client/message/link/open?token=AmSKwlXfAkADaAts7jTAQAQ%3D)；首页（之前两个都去掉）；📎 图片: img_YgEAtPg2itpMAPSlZ82lHdY~02lm_0bc54ef7-4932-4fe4-9cb4-19d7b1852bdg；(https://crushon.ai/terms-of-service) （首段结尾修改为：The Service is provided by Peekaboo Game Limited, a company registered in HONG KONG ('Crushon' or 'We')；(https://crushon.ai/contact)  （底部）；新的公司和地址（之前两个都去掉）：；Peekaboo Game Limited；FLAT/RM A29 24/F REGENT'S PARK PRINCE INDUSTRIAL BLDG NO.706 PRINCE EDWARD RD EAST KL HONG KONG；<u>文案修改无需测试</u>",,,,,,,,,,,,,,,
12,04-24-2025,临时,临时发版,发版人：；发版原因：线上bug修复；发版号：release-**(https://drone.peekaboo.tech/link/peekaboo/onlychat/commit/a1c4137384cca8501cee23ef0adbef9a79f11cc1)；发版内容：；修复保存新信息memory问题,,,,,,,,,,,,,,,
11,04-23-2025,临时,临时发版,发版人：；产品负责人：；发版原因：**线上紧急 bug；发版内容：；修复iOS包订阅用户无法访问二三级内容问题,,,,,,,,,,,,,,,
10,04-22-2025,临时,临时发版,发版人：；修改原因：模型相关优化，跟主版本分开降低测试成本；发版号：；ai-chat: main-1d24f09；crushon-backend: release-a98b934；修改内容：；Free Fast 3.7 Sonnet 优化 continue 后内容不连续的问题；模型推理超时时，输出不足10字节则报错，不扣费；自测 CC,,,,,,,,,,,,,,,
9,04-18-2025,5.10.0,正式发版,Airwallex2 独立站跑通支付-会员订阅；Airwallex 支付- 订阅；CITCON支付调研；G2A 兑换码支持兑换消息，并正确弹窗提示；非续订状态购买会员，可延长会员有效期；购买消息可选择支付渠道；支付回调添加 log id，交付技术方案和使用说明；JollyChatter 市场包增加提现入口firebase控制；会员购买页面deluxe增加说明；会员体验 - 支持下发会员体验资格，配置会员等级+时长；邮箱注册流程增加数据监控；订阅页增加当前等级高阶模型的使用限制&用量展示；聊天输入框交互优化；5个新模型问题处理；claude效果优化；搜索排行榜-OC数量增加至20个；服务端埋点增加OC评论点赞；创建OC Tag相关优化 - Tag 历史记录；创建弹窗UI样式优化，增加配图；OC模块化审核 - 已过人审OC被修改时，只对修改模块进行机审；垃圾评论处理；真人图片审核流程优化；UI调整 - Darkmode字体颜色等修改；app UI屏幕适配 - 使分辨率不同的设备文字/icon显示大小一致；收藏特效 - 对OC/Memories/Models收藏加特效；性能监控 - 监测用户使用我们APP的耗电量趋势；OC审核数据报表；运营后台移动端适配；JollyChatter ios 技术修复再次提审,,,,,,,,,,,,,,,
8,04-16-2025,临时,临时发版,发版人：**徐唯原；发版原因：线上主流程 bug；发版号：release-514d3f6；发版内容：；修復線上選擇模型 mobile，無權限可看到 mine 入口；(https://applink.feishu.cn/client/message/link/open?token=AmY4fafE40ABZ%2F%2B2vRABABM%3D)；測試狀態：；已在 pre，等待測試驗證、發版,,,,,,,,,,,,,,,
7,04-15-2025,临时,临时发版,发版人：；产品负责人：；发版原因：线上紧急 bug；服务端版本：**sub服务，release-7b0c5d5；发版内容：**gp购买消息时，获取gp的detail，detail中的productId为空，造成无法给用户增加消息数据。已服务端修复；测试状态：**已pre验证，申请prod上线 服务上线后需验证线上是否修复,,,,,,,,,,,,,,,
6,04-11-2025,临时,临时发版,发版人：**徐唯原；发版原因：特批；发版号：release-e0cc8e7；发版内容：；靜態 mantenance 頁面；(https://applink.feishu.cn/client/message/link/open?token=AmS32BKWwgAEZ%2Fi4BCFHgAE%3D)；测试状态：；無影響主站，無需測試，自測靜態頁面,,,,,,,,,,,,,,,
5,04-07-2025,临时,临时发版,发版人：；发版原因：**运营临时需求；发版号：release-**(https://drone.peekaboo.tech/link/peekaboo/onlychat/commit/71e698cb05a5854717924a3709fb3329af285347)；发版内容：；SEO需求：更新官网Janitorai相关的SEO子页面  (https://crushon.ai/janitorai)；测试状态：测试服，pre，pro都自测没有问题，目前不需要测试介入,,,,,,,,,,,,,,,
3,04-03-2025,临时,临时发版,版本：；crushon-backend:release-804c80d；内容：；(https://discord.com/channels/1113353675927212074/1356706629919441119)；1. character 消息数量 刷新问题。；无需验证，代码回退。,,,,,,,,,,,,,,,
4,04-03-2025,临时,临时发版,发版人：；发版原因：**运营临时需求；发版号：release-**(https://drone.peekaboo.tech/link/peekaboo/onlychat/commit/acbb6acf6ffced5441288b3ce01dbbaa8d04f86b)；发版内容：；SEO需求：官网部署Janitorai相关的SEO子页面  (https://crushon.ai/janitorai)；需求文档：(https://wh9a7emh1y.feishu.cn/wiki/JTUqw9wRZiqJrwkcOCPcG92fnqe)；测试状态：测试服，pre，pro都自测没有问题，目前不需要测试介入,,,,,,,,,,,,,,,
2,03-28-2025,5.8.0,正式发版,99支付付款优化；G2A购买消息；GP/iOS 订阅支持Pre环境验收测试；订阅通知邮件优化；非续订状态购买会员，可延长会员有效期；根据订单ID反查用户；创作者收益邮件优化；最近聊天记录增加上限；base prompt 优化 - 2. 模型页增加搜索功能；oc只有greeting的时候，聊天页默认定位到顶部；聊天頁代碼重構；模型支持<=5分钟的限速(现在1分钟就会断联)；调整模型计费逻辑，处理sonnet模型用量大、高消耗的问题；消息质量反馈中添加“角色代替用户回答”的反馈；Block tag新增两个入口-其中一个入口；memory看过的沉底；memory详情页双击收回左右侧边栏；claude 3.7 sonnet 系列微调数据集收集；Gemini 模型接入；Mochi 模型接入；Character弹窗底图显示场景卡；角色详情页弹窗添加分享，修改按钮+分享弹窗优化；角色详情页评论输入框改动；OC name限制优化；技术优化-调整模型搜索；通知过滤优化；通知后台数据优化-14天内活跃用户发送通知；通知后台数据优化-所有通知信息保留三个月；Block User 优化 - 通知；memory举报优化,,,,,,,,,,,,,,,
1,03-12-2025,5.7.0,正式发版,单独急急如律令发版；Op自动退款处理；正常跟版；订阅邮件区分不同渠道；Transaction 页面显示 coin 货币变动；不发版；op支持订阅技术调研；有时间就做；Aw 独立站跑通支付；Block tag新增两个入口；base prompt的字数放开；图像上传优化；memory详情页样式调整；点击角色卡跳转角色详情弹窗；oc 的introduction 支持 html；target setting-周五 showcase；Block User 优化；后台OC审核区分来源；后台user信息审核优化；垃圾评论处理-5；垃圾评论处理-6；垃圾评论处理-7；垃圾评论处理-8；聊天内容审核；数据库优化；验证多语言是否更新；运营后台技术优化；新网页；马甲站锚文本修改；新版本输入框的滚动问题,,,,,,,,,,,,,,,